'^[a-f0-9]{40}$'	9,21,22,24,25,28,35,126,127,162,272,323,430,672,682,688,717,723,857,871,979,992,1104,1220,1229,1257,1386,1415,1458,1469,1536,1580
'^(-?\\d+)(\\d{3})'	82,89,302,323,355,422,849,866,878,1004,1012,1074,1075,1086,1158,1184,1495,1517,1580,1634
'(\\d{4})-(\\d\\d?)-(\\d\\d?)$'	302,323,355,422,430,672,849,866,878,1004,1012,1086,1158,1184,1481,1495,1517,1538,1580,1634
'^(?:1-?)?(\\d{3})[-\\.]?(\\d{3})[-\\.]?(\\d{4})$'	82,89,302,323,355,422,849,866,878,1004,1012,1074,1075,1086,1158,1184,1495,1517,1634
'^(25[0-5]|2[0-4]\\d|[0-1]?\\d?\\d)(\\.(25[0-5]|2[0-4]\\d|[0-1]?\\d?\\d)){3}$'	82,89,302,323,355,422,849,866,878,1004,1012,1074,1075,1086,1158,1495,1517,1580,1634
'^[012TF\\*]{9}$'	302,323,355,422,849,866,878,1004,1012,1086,1158,1184,1495,1517,1580,1634
'^GEO-\\d{3}LITE'	302,323,355,422,849,866,878,1004,1012,1086,1158,1184,1495,1517,1580,1634
'^GEO-\\d{3}FREE'	302,323,355,422,849,866,878,1004,1012,1086,1158,1184,1495,1517,1580,1634
'([0-9a-f][0-9a-f]-){5}[0-9a-f][0-9a-f]'	12,71,83,174,287,381,422,602,1054,1087,1205,1246,1509,1540,1580,1644
'.+SPHEROID\\[\\"(?P<name>.+)\\",(?P<major>\\d+(\\.\\d+)?),(?P<flattening>\\d{3}\\.\\d+),'	302,323,355,422,849,866,878,1004,1012,1086,1158,1184,1495,1517,1580,1634
'^\\d{9}$'	302,323,355,422,849,866,878,1004,1012,1086,1158,1184,1495,1517,1634
'^\\d{11}$'	302,323,355,422,849,866,878,1004,1012,1086,1158,1184,1495,1517,1634
'^(\\d{10})$'	302,323,355,422,849,866,878,1004,1012,1086,1158,1184,1495,1517,1634
'^\\d{4} \\d{6}'	302,323,355,422,849,866,878,1004,1012,1086,1158,1184,1495,1517,1634
'^\\d{4}[A-Z]{2}$'	302,323,355,422,849,866,878,1004,1012,1086,1158,1184,1495,1517,1634
'^0([1-9]{1})\\d{8}$'	302,323,355,422,849,866,878,1004,1012,1086,1158,1184,1495,1517,1634
'^(\\d{3})-(\\d{3})-(\\d{3})$'	302,323,355,422,849,866,878,1004,1012,1086,1158,1184,1495,1517,1634
'^(?P<number>\\d{7})(?P<check>\\d)$'	302,323,355,422,849,866,878,1004,1012,1086,1158,1184,1495,1517,1634
'^(?P<birth>\\d{6})/?(?P<id>\\d{3,4})$'	302,323,355,422,849,866,878,1004,1012,1086,1158,1184,1495,1517,1634
'^(\\d{2})[-\\.]?(\\d{4})[-\\.]?(\\d{4})$'	302,323,355,422,849,866,878,1004,1012,1086,1158,1184,1495,1517,1634
'^0\\d(\\s|\\.)?(\\d{2}(\\s|\\.)?){3}\\d{2}$'	302,323,355,422,849,866,878,1004,1012,1086,1158,1184,1495,1517,1634
'^(\\d{4})[ -]?(\\d{4})[ -]?(\\d{2})[ -]?(\\d{10})$'	302,323,355,422,849,866,878,1004,1012,1086,1158,1184,1495,1517,1634
'^(?P<idnumber>\\w{8})(?P<pos9>(\\d{1}|<))(?P<checksum>\\d{1})$'	302,323,355,422,849,866,878,1004,1012,1086,1158,1184,1495,1517,1634
'^(?P<area>\\d{3})[-\\ ]?(?P<group>\\d{2})[-\\ ]?(?P<serial>\\d{4})$'	302,323,355,422,849,866,878,1004,1012,1086,1158,1184,1495,1517,1634
'^(?P<yy>\\d\\d)(?P<mm>\\d\\d)(?P<dd>\\d\\d)(?P<mid>\\d{4})(?P<end>\\d{3})'	302,323,355,422,849,866,878,1004,1012,1086,1158,1184,1495,1517,1634
'^(?P<residence>\\d{10})(?P<origin>\\w{1,3})[-\\ ]?(?P<birthday>\\d{7})[-\\ ]?(?P<validity>\\d{7})[-\\ ]?(?P<checksum>\\d{1})$'	302,323,355,422,849,866,878,1004,1012,1086,1158,1184,1495,1517,1634
'^\\d{16}$'	302,323,355,422,849,866,878,1004,1012,1086,1158,1495,1517,1634
'^\\d{12}$'	302,323,355,422,849,866,878,1004,1012,1086,1158,1495,1517,1634
'^[1-9]\\d{4}$'	302,323,355,422,849,866,878,1004,1012,1086,1158,1495,1517,1634
'^[1-9]\\d{2} ?\\d{2}$'	302,323,355,422,849,866,878,1004,1012,1086,1158,1495,1517,1634
'^(\\d{9}|(00|\\+)\\d*)$'	302,323,355,422,849,866,878,1004,1012,1086,1158,1495,1517,1634
'^(?P<initial>\\d{1})(?P<yy>\\d\\d)(?P<mm>\\d\\d)(?P<dd>\\d\\d)(?P<mid>\\d{4})(?P<checksum>\\d{1})'	302,323,355,422,849,866,878,1004,1012,1086,1158,1495,1517,1634
'^(?P<century>\\d{2})?(?P<year>\\d{2})(?P<month>\\d{2})(?P<day>\\d{2})(?P<sign>[\\-+])?(?P<serial>\\d{3})(?P<checksum>\\d)$'	302,323,355,422,849,866,878,1004,1012,1086,1158,1495,1517,1634
'^(\\+90|0)? ?(([1-9]\\d{2})|\\([1-9]\\d{2}\\)) ?([2-9]\\d{2} ?\\d{2} ?\\d{2})$'	302,323,355,422,849,866,878,1012,1086,1158,1495,1517,1634
'=\\w{2}'	12,43,287,412,602,759,852,961,1221,1509,1511
'^\\d{4}-\\d\\d-\\d\\d \\d\\d:\\d\\d:\\d\\dZ$'	12,412,759,774,852,961,1087,1221,1511,1580
'[a-zA-Z0-9_-]{6}$'	12,412,759,852,961,1087,1221,1511,1580
'^\\d{4}-\\d{1,2}-\\d{1,2}$'	302,323,355,422,866,1004,1184,1495,1517
'(?P<hexrgb>#[0-9a-fA-F]{6})'	12,412,759,852,961,1054,1087,1221,1511
'(?P<name>\\S+)\\s+(?P<hexrgb>#[0-9a-fA-F]{6})'	12,412,759,852,961,1054,1087,1221,1511
'(?P<name>(.+))\\s+(?P<hexrgb>#[0-9a-fA-F]{6})'	12,412,759,852,961,1054,1087,1221,1511
'<a href="([^"#]+)">([^<]+)</a>\n\\s+\\(<a (?:title="MD5 hash"\n\\s+)href="[^?]+\\?:action=show_md5&amp;digest=([0-9a-f]{32})">md5</a>\\)'	662,1033,1087,1257,1415,1536,1580,1594,1634
'^x{3}$'	12,412,759,852,961,1087,1221,1511
'^x{1}$'	12,412,759,852,961,1087,1221,1511
'^x{3}?$'	12,412,759,852,961,1087,1221,1511
'^x{1}?$'	12,412,759,852,961,1087,1221,1511
'^\\d{5}$'	302,849,878,1012,1086,1158,1495,1634
'[EW]\\d{3}'	304,640,662,842,945,1199,1322,1505
'^(\\w){3}$'	12,412,759,852,961,1087,1221,1511
'^(\\w){1}$'	12,412,759,852,961,1087,1221,1511
'^(\\w){3}?$'	12,412,759,852,961,1087,1221,1511
'^(\\w){1}?$'	12,412,759,852,961,1087,1221,1511
'U[\\dA-F]{5,5}'	220,927,1122,1263,1290,1469,1580,1594
'#x([\\d|A-F]{4,4})'	220,927,1122,1263,1290,1469,1580,1594
'^(\\d{3})\\s(\\d{3})$'	302,849,878,1012,1086,1158,1495,1634
'^(?:SI)?([1-9]\\d{7})$'	302,849,878,1012,1086,1158,1495,1634
'(Okay|[EW]\\d{3}):\\s(.*)'	304,640,662,842,945,1199,1322,1505
'^\\d{15}(\\d{2}[0-9xX])?$'	302,849,878,1012,1086,1158,1495,1634
'^([0-9a-fA-F]{8}) . (.*)$'	306,322,464,467,505,534,1300,1466
'\\[#x([\\d|A-F]{4,4})-#x([\\d|A-F]{4,4})\\]'	220,927,1122,1263,1290,1469,1580,1594
'^(\\d{2})(\\d{2})(\\d{3})(\\d{2})(\\d{3})(\\d)$'	302,849,878,1012,1086,1158,1495,1634
'^(?:[78]-?)?(\\d{3})[-\\.]?(\\d{3})[-\\.]?(\\d{4})$'	302,849,878,1012,1086,1158,1495,1634
'\\d{4}-\\d{2}-\\d{2} \\d{2}:\\d{2}:\\d{2}(?:\\.\\d+)?'	302,849,878,1004,1012,1086,1158,1495
'(?P<year>\\d{4})-(?P<month>\\d{1,2})-(?P<day>\\d{1,2})$'	849,878,1012,1086,1158,1495,1580,1634
'^(\\+385|00385|0)(?P<prefix>\\d{2})(?P<number>\\d{6,7})$'	302,849,878,1012,1086,1158,1495,1634
'^601983(?P<copy>\\d{1})1(?P<jmbag>\\d{10})(?P<k>\\d{1})$'	302,849,878,1012,1086,1158,1495,1634
' 0001:[0-9a-fA-F]{8}\\s*([_\\?@$0-9a-zA-Z]*)\\s*([0-9a-fA-F]{8}).*'	306,322,464,467,505,534,1300,1466
'^([a-f0-9]+)\\s(.{7})\\s(\\S+)\\s+([a-f0-9]+)\\s+(?:\\.hidden\\s+)?(.*)$'	306,322,464,467,505,534,1404,1466
'(?:;\\s*|\\s+)(\\b\\w{2}\\b(?:-\\b\\w{2}\\b)?)\\s*;|(?:\\(|\\[|;)\\s*(\\b\\w{2}\\b(?:-\\b\\w{2}\\b)?)\\s*(?:\\]|\\)|;)'	992,1104,1257,1386,1415,1469,1536,1580
'^py[0-9]{2}$'	322,467,505,534,712,1216,1466
'%([0-9A-Fa-f]{2})'	147,181,278,296,432,819,1366
'md5=[0-9a-f]{32}$'	662,1033,1087,1257,1415,1536,1634
'\\A\\d{4}-\\d\\d-\\d\\dT\\d\\d:\\d\\d:\\d\\dZ'	147,181,278,296,432,819,1366
'%(?![0-9A-Fa-f]{2})'	849,878,1012,1086,1495,1634
'([0-9]{4}-[0-9]{2}-[0-9]{2})  ([0-9]{4,5}) {1,2}(.*)'	412,759,852,961,1221,1511
'irb\\([a-zA-Z_][a-zA-Z0-9_]*\\):\\d{3}:\\d+[>*"\'] |>> |\\?> '	113,251,498,1087,1267,1555
'([A-Z]{3}_ERROR_[A-Z_0-9]+)\\s+=?\\s*\\(?([A-Z_0-9-][A-Z_0-9-+ ]+[A-Z_0-9])'	412,759,852,961,1221,1511
'^<logentry.*?revision="([0-9]{4,})".*?<date>([0-9]{4}-[0-9]{2}-[0-9]{2})T.*?<msg>(.*?)</msg>.*?</logentry>$'	412,759,852,961,1221,1511
'^(?P<year>\\d{4})-(?P<month>\\d{2})-(?P<day>\\d{2})(T|\\s+)(?P<hour>\\d{2}):(?P<minute>\\d{2}):(?P<second>\\d{2}).*?$'	631,890,895,1175,1369,1644
'(.{60})'	422,747,1302,1517,1580
'\\d{3} '	557,1025,1223,1326,1420
'^((-){80}|)$'	54,111,132,1030,1089
'^(?:852-?)?(\\d{4})[-\\.]?(\\d{4})$'	849,878,1012,1086,1158
"(?:[-a-zA-Z0-9!$&'\\(\\)\\*+,;=._~]|%[a-zA-Z0-9]{2})+$"	278,296,432,819,1366
'^([0-9]{4})$'	1269,1408,1469,1498
'[-_a-z0-9]{64}'	546,830,1028,1039
"\\b'(?=\\d{2}s)"	9,148,251,1087
'\\A#[a-fA-F0-9]{6}\\Z'	642,776,971,1203
'(\\[.{16,16}[^,]*?),.*?\\]\\)'	356,538,1247,1288
'-([0-9]{4}\\.[0-9]{2}|p[0-9]+)$'	614,947,996,1491
'^\\d{4}-\\d\\d-\\d\\dT\\d\\d:\\d\\d:\\d\\d$'	852,994,1007,1511
'^(?P<year>\\d{4})-(?P<month>\\d{2})-(?P<day>\\d{2})T(?P<hour>\\d{2}):(?P<minute>\\d{2}):(?P<second>\\d{2})(\\.\\d{3,6}Z?)?$'	142,193,631,895
'(?P<year>\\d{4})-(?P<month>\\d{1,2})-(?P<day>\\d{1,2})[T ](?P<hour>\\d{1,2}):(?P<minute>\\d{1,2})(?::(?P<second>\\d{1,2})(?:\\.(?P<microsecond>\\d{1,6})\\d{0,6})?)?(?P<tzinfo>Z|[+-]\\d{1,2}:\\d{1,2})?$'	849,878,1495,1634
'[0-9a-fA-F]{2}'	467,505,1466
'=[a-fA-F0-9]{2}'	1054,1087,1580
'^begin [0-7]{3}'	1007,1015,1032
'^#[0-9A-Fa-f]{6}$'	642,971,1203
'\\\\u([0-9a-fA-F]{4})'	1007,1015,1032
'^(.*)~([+-][0-9]{2})00$'	1269,1469,1498
'id:(\\d{1}):initdefault:'	492,627,1364
'^[0-9]{4}-[0-9]{2}-[0-9]{2}$'	171,490,1381
'(\\d+)(\\s+\\d+){2}\\s+([TF])'	262,267,268
'([0-9A-F]{1,2}:){5}[0-9A-F]{1,2}'	947,996,1491
'^([0-9]{4})~([01][0-9])~([0-9]{2})$'	1269,1469,1498
'<a u="([A-F0-9]{4})" b="([0-9A-F ]+)"/>'	12,1087,1580
'[a-f0-9]{8}(-[a-f0-9]{4}){3}-[a-f0-9]{12}'	813,927,1003
'^\\d{4}-\\d{2}-\\d{2}T\\d{2}:\\d{2}:\\d{2}\\.\\d+$'	422,747,1517
'^(.+)[ \\._\\-]([0-9]{1})([0-9]{2})[\\._ -][^\\/]*$'	506,1269,1498
'^(.+)[ \\._\\-]([0-9]{2})([0-9]{2,3})[\\._ -][^\\/]*$'	506,1269,1498
'^(?P<year>\\d{4})-(?P<month>\\d{2})-(?P<day>\\d{2}).*?$'	890,1369,1644
'.*?(?:Mask:|netmask )(?:(0x[0-9a-fA-F]{8})|([\\d\\.]+))'	947,996,1491
'^[a-f0-9]{8}-[a-f0-9]{4}-[a-f0-9]{4}-[a-f0-9]{4}-[a-f0-9]{12}$'	826,828,1128
'^([MACDRUG_ ][MACDRUG_ ])(.)(.)   .   [^0-9-]+(\\d+|-)(.{23})(.+)'	241,874,1249
'(\\d{4})-(\\d{2})-(\\d{2})\\s+(\\d{2}):(\\d{2}):(\\d{2})(\\.\\d+)?'	220,1003,1247
'^([0-9]{4})~([01][0-9])~([0-9]{2})~([0-9]{1,2})~([0-9]{2})~([0-9]{2})$'	1269,1469,1498
'^([01]?[0-9])~([0-9]{2})~([0-9]{4})~([0-9]{1,2})~([0-9]{2})~([0-9]{2})$'	1269,1469,1498
u'(\\d{4})-([^-]+)-(\\d{,2})T(\\d{,2}):(\\d{2})((\\+|-)(\\d{,2}:\\d{2}))'	220,1003,1247
'^([0-9a-f]{8})-([0-9a-f]{4})-([0-9a-f]{4})-([0-9a-f]{4})-([0-9a-f]{12})$'	1007,1015,1032
'^([0-9a-f]+)-([0-9a-f]+)\\s+[-r][-w][-x][-p]\\s+(?:\\S+\\s+){3}\\[heap\\]$'	1007,1015,1032
'(\\w{,3}), (\\d{,4})/(\\d{,2})/(\\d{2}) (\\d{,2}):(\\d{2}):(\\d{2}) (\\w{,3})'	220,1003,1247
u'([^,]+),\\s+(\\d{2})\\s+([^\\s]+)\\s+(\\d{4})\\s+(\\d{2}):(\\d{2}):(\\d{2})\\s+([^\\s]+)'	220,1003,1247
'(?P<year>\\d{4})-(?P<month>\\d{1,2})-(?P<day>\\d{1,2})(?: (?P<hour>\\d{1,2}):(?P<minute>\\d{1,2}):(?P<second>\\d{1,2})(?:\\.(?P<microsecond>\\d{1,6}))?)?'	927,1003,1469
'(?P<year>\\d{4})-(?P<month>\\d{1,2})-(?P<day>\\d{1,2})[T ](?P<hour>\\d{1,2}):(?P<minute>\\d{1,2})(?::(?P<second>\\d{1,2})(?:\\.(?P<microsecond>\\d{1,6})\\d{0,6})?)?(?P<tzinfo>Z|[+-]\\d{2}:?\\d{2})?$'	1012,1086,1580
'    # mere offset\n                ^\n                &?                                          # possible ampersand\n                (       0                                       # just zero\n                |       [1-9]{1,1}[0-9]*        # decimal\n                |       0[0-7]+                         # octal\n                |       0x[0-9a-f]+                     # hex\n                )\n                $\n                '	1007,1015,1032
'    # indirect offset\n                ^\\(\n                (?P<base>&?0                  # just zero\n                        |&?[1-9]{1,1}[0-9]* # decimal\n                        |&?0[0-7]*          # octal\n                        |&?0x[0-9A-F]+      # hex\n                )\n                (?P<type>\n                        \\.         # this dot might be alone\n                        [BSL]? # one of this chars in either case\n                )?\n                (?P<sign>\n                        [-+]{0,1}\n                )?\n                (?P<off>0              # just zero\n                        |[1-9]{1,1}[0-9]*  # decimal\n                        |0[0-7]*           # octal\n                        |0x[0-9a-f]+       # hex\n                )?\n                \\)$'	1007,1015,1032
'\\w{12}'	568,1144
'(\\d{2})'	1269,1498
'(\\d{4})'	748,773
':.{2}-.*$'	1380,1526
'\\s*-{10}'	305,1505
'^\\w{22}$'	425,1495
'^[0-9]{4}$'	182,1452
'^[0-9]{2}$'	1353,1452
'(\\d\\.){2}'	171,1381
'[EWN]\\d{3}'	1223,1420
'([+-]\\d{4})$'	636,1125
'^[0-9a-f]{40}$'	944,1278
'(iex|\\.{3})> '	1087,1555
'(?i)([a-z]{2})'	361,1062
'(\\D)(\\d{4})$'	1269,1498
'^\\d{10}\\.\\d$'	568,1144
'^(\\+2|\\+{2})$'	354,379
'\\\\u.{4}|\\\\.'	251,1087
'^(\\-2|\\-{2})$'	354,379
'ari-[0-9a-f]{8}'	1223,1420
'aki-[0-9a-f]{8}'	1223,1420
'(\\d)\\.(\\d{4})'	1269,1498
'(-?\\d+)(\\d{3})'	296,819
'^\\d{10}[\\.\\d]+$'	568,1144
'\\w{2}:\\s*"(.*?)"'	194,199
'\\d{2}/\\d{2}/\\d{4}'	109,182
'(\\d{1,3}\\.\\d{2})%'	440,542
'^(.+)&sig=(\\w{32})$'	147,181
'KAthJax-[0-9a-f]{32}'	366,486
'\\d{4}-\\d{2}-\\d{2}'	1025,1326
'commit [\\da-f]{40}$'	103,130
'^\\#([0-9a-fA-F]{6})$'	391,872
'--\\d{4}-\\d{2}-\\d{2}'	1025,1326
'[0-9]+(?:\\.[0-9]+){3}'	548,596
'^([0-9a-f]{40})\\s+(\\S+)$'	103,130
'(?:\\d{1,3}\\.){3}\\d{1,3}'	506,897
'^([+-])(\\d{2}):?(\\d{2})$'	103,130
'(?:<(?:b|em|i|strong)>){2}'	169,179
'\\d{1,2}/\\d{1,2}/\\d{4,4}'	109,182
'BuildID\\s*=\\s*"(\\d{10})"'	1015,1032
'django_compressor\\.\\w{12}'	568,1144
'(?:</(?:b|em|i|strong)>){2}'	169,179
'^[0-9a-f]{40} refs/heads/(.+)$'	103,130
'(^RuntimeError:.* naughty.*){2}'	12,1087
'[a-z][A-Z]{3}([a-z])[A-Z]{3}[a-z]'	394,578
'S(\\s+0.0+){2}.*vhost-\\d+[\\d|+]'	1317,1501
'\\\\x([0-9a-fA-F]{2}|[0-9a-fA-F])'	1004,1495
'(^TypeError:.* return an int.*){2}'	12,1087
'^([0-9]{4})\\.([0-9]+)\\.([0-9]+)$'	165,1545
'\\\\u([0-9A-F]{4})|\\\\U([0-9A-F]{8})'	55,908
'(.*),\\s+((\\w+\\.?) (\\d+), (\\d{4}))'	109,182
'^([^<]*)<([^>]*)>\\s+(\\d+\\s+[+-]\\d{4})$'	103,130
'^([0-7]{6}) ([a-z]+) ([0-9a-f]{40})\\t(.*)$'	103,130
'Duration: (\\d{2}):(\\d{2}):(\\d{2}.\\d{2}),'	391,872
'\\d\\d-[a-zA-Z]{3,3}-\\d\\d\\d\\d \\d\\d:\\d\\d'	1015,1032
'^([0-9]{1,3}\\.){0,3}[0-9]{1,3}(/[0-9]{1,2}){1}$'	1332,1523
'irb\\([a-zA-Z_][a-zA-Z0-9_]*\\):\\d{3}:\\d+[>*] '	147,181
'(?is)<p>([^<>]{0,15}<b>[^<>]+?</b>[^<>]{2,2}.+?)</p>'	169,179
'^== Rolled over to ChangeLog-\\d{4}-\\d{2}-\\d{2} ==$'	1199,1300
'<b>Added:</b> (\\d{4}-\\d\\d-\\d\\d \\d\\d:\\d\\d:\\d\\d)'	1269,1498
'(?P<prefix>[+-])(?P<hours>[0-9]{2}).(?P<minutes>[0-9]{2})'	897,1580
'^(\\s*)(, | {2})((\\s*(\\w+)(\\s+|::)\\w+\\s*.*?,?)+)\\s*$'	241,1249
'[0-9a-f]{8}-[0-9a-f]{4}-[0-9a-f]{4}-[0-9a-f]{4}-[0-9a-f]{12}'	171,1381
'^(\\w+)\\s+(\\w+)\\s+(\\w+)\\s+(\\S+)\\s+(([a-fA-F0-9]{2}:?){6})'	1317,1501
'(\\d{4})\\.(\\d{2})\\.(\\d{2})\\.(\\d{2})\\.(\\d{2})\\.(\\d{2})$'	1025,1326
'(\\w{3}, \\d{1,2} \\w{3} \\d{4} \\d\\d:\\d\\d:\\d\\d) [\\+\\-]\\d{4}'	1269,1498
'^(?P<date>\\d{4}-\\d{2}-\\d{2})\\s+(?P<name>.+?)\\s+<(?P<email>[^<>]+)>$'	1199,1300
'(\\d+\\.\\d+\\.\\d+\\.\\d+|\\W:{2}\\d\\W):\\d+,\\d+\\s+([\\w\\.\\-:\\d]+)'	1317,1501
'[A-F0-9]{2}:[A-F0-9]{2}:[A-F0-9]{2}:[A-F0-9]{2}:[A-F:0-9]{2}:[A-F:0-9]{2}'	171,1381
'^class ([^,]*), addr (\\d\\d:\\d\\d.\\d+), pci id (\\w{4}:\\w{4}) \\(sub (\\w{4}:\\w{4})\\)'	1317,1501
'^(\\w{3})\\-(\\d\\d)\\s*(\\d\\d)\\:(\\d\\d):(\\d\\d)\\s*([A-Z]+)\\s*(.+?)\\s*\\:\\:\\s*(.*)$'	1269,1498
'(?P<year>\\d{4})-(?P<month>\\d{2})-(?P<day>\\d{2})[T ](?P<hr>\\d{2}):(?P<min>\\d{2}):(?P<sec>\\d{2})(?P<fractional_sec>\\.\\d+)?'	159,1155
'(\\{[0-9a-f]{8}-([0-9a-f]{4}-){3}[0-9a-f]{12}\\} |  # GUID\n                   [a-z0-9-\\.\\+_]*\\@[a-z0-9-\\._]+)  # Email format'	391,872
'(?P<year>\\d{4})-(?P<month>\\d{2})-(?P<day>\\d{2})T(?P<hour>\\d{2}):(?P<minute>\\d{2}):(?P<second>\\d{2})(?P<second_float>(\\.\\d+)?)Z'	1246,1540
'^(?P<filetype>.)(?P<perms>.{9})\\s+(?P<nlinks>\\d*)\\s*(?P<owner>\\S+)\\s+(?P<group>\\S+)\\s+(?P<size>\\d+)\\s+(?P<date>...\\s+\\d+\\s+[\\d:]+)\\s+(?P<filename>([^ ]|\\\\ )*?)( -> (?P<linktarget>[^\\r]*))?\\r?$'	1223,1420
'(?P<year>[0-9]{4})(-(?P<month>[0-9]{1,2})(-(?P<day>[0-9]{1,2})((?P<separator>.)(?P<hour>[0-9]{2}):(?P<minute>[0-9]{2})(:(?P<second>[0-9]{2})(\\.(?P<fraction>[0-9]+))?)?(?P<timezone>Z|(([-+])([0-9]{2}):([0-9]{2})))?)?)?)?'	897,1580
'((?<!(href|.src|data)=[\'"])((http|https|ftp)\\://([a-zA-Z0-9\\.\\-]+(\\:[a-zA-Z0-9\\.&amp;%\\$\\-]+)*@)*((25[0-5]|2[0-4][0-9]|[0-1]{1}[0-9]{2}|[1-9]{1}[0-9]{1}|[1-9])\\.(25[0-5]|2[0-4][0-9]|[0-1]{1}[0-9]{2}|[1-9]{1}[0-9]{1}|[1-9]|0)\\.(25[0-5]|2[0-4][0-9]|[0-1]{1}[0-9]{2}|[1-9]{1}[0-9]{1}|[1-9]|0)\\.(25[0-5]|2[0-4][0-9]|[0-1]{1}[0-9]{2}|[1-9]{1}[0-9]{1}|[0-9])|localhost|([a-zA-Z0-9\\-]+\\.)*[a-zA-Z0-9\\-]+\\.(com|edu|gov|int|mil|net|org|biz|arpa|info|name|pro|aero|coop|museum|[a-zA-Z]{2}))(\\:[0-9]+)*(/($|[a-zA-Z0-9\\.\\,\\?\'\\\\+&amp;%\\$#\\=~_\\-]+))*))'	296,819
' {3}'	204
'^ {4}'	599
'#={69}'	1116
'\\d{4}'	1488
'\\d{3}'	1407
'\\d{2}'	1113
'\\d{5}'	55
'\\d{10}'	983
'^0{40}$'	599
'I{1000}'	397
'(.{50})'	1302
'^\\d{8}$'	1066
'^\\d{4}$'	200
'v\\d{2}$'	1076
'[^-]{8}-'	1403
'\\d{4,4}'	126
'\xa7.{1}'	1463
'[0-9]{7}'	1469
'[0-9]{5}'	1044
'[0-9]{3}'	1009
'[0-9]{6}'	544
'(\\d{3})'	1248
'[a-z]{2}'	1009
'^.*(#{4})'	602
'[actg]{3}'	1331
'^\\w{64}$'	1495
'^\\w{40}$'	1007
'^\\w{32}$'	1495
'^\\w{16}$'	1495
'(\\d{10})'	1563
'^[.]{1}.*'	84
'^.*(#-{3})'	602
'[0-9]{10}$'	550
'^Icon.{1}$'	84
'^.{15}(.+)'	1302
'^[0-9]{3}$'	1452
'(tt\\d{7})'	1469
'^\\w{128}$'	1495
'\\+\\d{10}'	936
'^[0-9]{10}$'	340
'.*[0-9]{6}$'	735
'(\\d_\\w{6})'	1412
'[0-9a-f]{32}'	313
'[a-f0-9]{40}'	688
'([0-9]+)>{1}'	1302
'^(\\d{3})\\s'	1495
'^.{15}(\\S+)'	1302
'(?=^[.]{1}.*)'	84
'[+-][0-9]{4}$'	1055
'\\d{5}-\\d{4}'	55
'\\d{3}-\\d{4}'	55
'_c[0-9]{4,4}$'	975
'[#][\\dA-F]{8}'	1025
'[#][\\dA-F]{6}'	1025
'[#][\\dA-F]{3}'	1025
'^[0-9a-f]{32}$'	1569
'^[A-F0-9]{24}$'	487
'^[a-z0-9]{32}$'	634
'[0-9a-fA-F]{6}'	1618
'[0-9a-fA-F]{3}'	1618
'^[0-9]{3}.*.py$'	261
'[0-9]*[nN]{1,1}'	498
'[abcdef0-9]{40}'	1346
'([^.()]+\\.){5}'	1319
'#[0-9a-fA-F]{6}'	729
'(\\d{8}-\\d{6})'	29
'(?:[\\da-f]){2}'	1462
'^([A-Za-z]){2}$'	228
'[0-9a-fA-F]{40}'	1644
'[A-Fa-f0-9]{24}'	498
'^[a-z0-9_-]{8}$'	1580
'^[a-zA-Z0-9]{8}$'	1225
'[0-9a-fA-F]{2}|.'	1386
'[0-9a-f]{12}\\+?'	566
'^[0-9a-fA-F]{32}'	859
'[a-fA-F0-9]{40}$'	1569
'[a-fA-F0-9]{32}$'	562
'[^ ]*\\.[A-Z]{3}'	1045
'[0-9]*n[wW]{1,1}'	498
'\\w+\\.{1}(\\w+)'	605
'(\\(.{3}\\):\\d+)'	276
'(\\d{2}).(\\d{2})'	1113
'(\\d{2}):(\\d{2})'	1113
'^[a-zA-Z0-9]{40}$'	1569
'^[a-zA-Z0-9]{14}$'	1302
'^\\$\\d+\\.\\d{2}'	1009
'\\d{1,3}\\.\\d{5}'	1302
'^[0-9a-fA-F]{2} $'	534
'^[0-9A-Fa-f]{40}$'	599
'(_0x[a-z0-9]{32})'	975
'(?i)([0-9a-f]{2})'	1054
'=([a-fA-F0-9]{2})'	1580
'\\b[A-Z]\\d{3}\\b'	1025
'&g=([A-F0-9]{40})&'	1569
'^0x[a-fA-F0-9]{6}$'	743
'([\r]?\n)+[ \t]{1}'	200
u'\\s+\\(\\d{4}\\)$'	1557
'/name/nm([0-9]{7})'	1469
'^(.{2}|.{2}_.{2})$'	1495
'\\"[a-z0-9]{32}\\"'	936
'%u([0-9a-fA-F]{4})'	300
'(\\d{4}s?|\\d{2}s)'	1488
'^[^_]{1,1}.*\\.py$'	1528
'langCode=([a-z]{2})'	293
'\\d+\\.\\.$|\\.{4}$'	1594
'^instance-[0-9]{8}$'	1223
'&#(x\\w\\w|\\d{3});'	1076
'[\\d]{2}[ ][\\d]{2}'	1113
'^([a-fA-F0-9]{64})$'	1157
'^[0-9A-Za-z_-]{64}$'	944
'[0-9\\- \\(\\)]{14}'	936
'^[a-z]{2}_[A-Z]{2}$'	826
u'((?:nm|tt)[\\d]{7})'	1557
'^.*"(\\d{10})\\/".*$'	566
'[a-zA-Z]{2}\\-\\d{2}'	55
u'\\^{2}([0-9a-f]{2})'	782
'[0-9abcdefABCDEF]{6}'	1078
u'(\\d{1,2}):(\\d{2})'	1113
'[0-9]{20}:[0-9]:[0-9]'	1055
'\\\\u([0-9a-zA-Z]{4})'	927
'^([0-9a-f]{40}) (.*)$'	233
'\\b(?:20|19)\\d{2}\\b'	1492
'\\[([0-9]{8})\\]\\)?$'	329
'01((-[0-9a-f]{2}){6})$'	1381
'[A-Z]{2}[0-9]{6}.[0-9]'	1331
'^\\d{4}-\\d{2}-\\d{2}$'	1066
'^\\d{4}/\\d{2}/\\d{2}$'	1066
'^\\w{3,}\\.?\\s\\d{4}$'	1004
'^([0-9]{4}) \\(ANT\\)$'	1408
'.*\\.(\\d{10})\\.log\n'	1563
'([0-9]{3})\\.(.*)\\.sh$'	153
'<watts>[0-9]{5}</watts>'	1044
'([0-9]{4}) - ([0-9]{4})'	1408
'^ (\\S+) ([0-9a-f]{32})'	944
'^(.*)(#[0-9a-fA-F]{6})$'	407
'^dr[0-9]-[a-z]{4}[0-9]$'	1248
'([A-Z]{2}\\w{8})\\w{24}'	936
u'[^0-9]([0-9]{4})[^0-9]'	1469
'^\\t*(\\S[^\\t]*\\t){3}'	560
'tracking_id=[a-f0-9]{32}'	501
'^\\d+,\\d{2}\\.\\d{1,2}$'	340
'((?<=\\s)\\d{4}|^\\d{4})'	1488
'affils.ast.\\d{8}_\\d{4}'	1001
'^[2-9]\\d\\d[2-9]\\d{6}$'	174
'^([A-Fa-f0-9]{2,2}){3,4}$'	80
'(?P<year>[12]{1}[0-9]{3})'	1469
'^1[2-9]\\d\\d[2-9]\\d{6}$'	174
'(\\w+ \\d{1,2}, \\d{4,4})'	182
'^[0-9]{4}(-[0-9]{2}){0,2}'	1398
'([A-Z][0-9]{2})([0-9]{3})'	80
'abort: HTTP Error 5\\d{2}'	566
"queryUrl\\(-1,'([^']{40})"	1569
'\\s+((\\d+\\.){3}\\d+)\\s+'	560
'\\\\{1,2}x([a-fA-F0-9]{2})'	1025
'(?<=nm|tt|ch)([0-9]{7})\\b'	1469
'[0-9]{4}-[0-9]{2}-[0-9]{2}'	1044
'(\\d{2})/(\\d{2})/(\\d{4})'	847
'^/[a-zA-Z0-9_-]{28}/file1$'	1303
'^([0-9a-fA-F]{2}(:|$)){6}$'	1644
'^\\d{4}\\.\\d{2}\\.\\d{2}$'	1569
'-?[0-9]+([ ]+-?[0-9]+){3}$'	729
'(\\d+)\\s(\\D+)\\s(\\d{4})'	1494
'([a-fA-F0-9]{2}[:|\\-]?){6}'	1135
'(?: \\d{5}| \\d{5}-\\d{4})$'	265
'\\\\([ \tn\\\\]|[0-7]{3,3})'	27
'(\\d{2})(\\d{2})(\\w{3})\\Z'	80
'\\.[a-z]+-\\d{2}[mud]{0,3}$'	1594
'^[+/0-9A-Za-z]{21}[AQgw]==$'	1007
'\\d{4}(/\\d\\d(/\\d\\d)?)?$'	1302
'(?m).*([0-9a-fA-F]{32,32}).*'	859
'(.+)[-_]([0-9a-fA-F]{40,40})'	318
'\\d{4}\\.\\d{1,2}\\.\\d{1,2}'	126
'((\\d){1,3}\\.){3}(\\d){1,3}'	1501
'^(?:\\d-)?(\\d{2})\\.? (.*)$'	748
'(^\\d{5}$)|(^\\d{5}-\\d{4}$)'	228
'^(?:\\d{1,3}\\.){3}\\d{1,3}$'	897
'\\d{1,2}\\.\\d{1,2}\\.\\d{4}'	126
'(\\d{1,2}/\\d{1,2}/\\d{4,4})'	182
'^\\d{4}-\\d{2}-\\d{2}-\\d{6}$'	1287
'20[0-9]{2}-[0-9]{2}-[0-9]{2}_'	1277
'\\b(nm|tt|ch|co)([0-9]{7})\\b'	1469
'([A-Z]{2}[0-9]{2,3}-[0-9]{2})'	721
'^(?:bt://)?([a-fA-F0-9]{40})$'	1569
'(?:\\d{2}:\\d{2}:\\d{2}) (.*)'	1463
'H([FOP])([A-Z]{3}).*?:(.*)\\Z'	80
' *[0-9]+: +[1-9][0-9a-z]{3,3}'	1302
'.*([sS][0-9]{2}[eE][0-9]{2}).*'	1489
'([0-9]{2})([0-9]{2})([0-9]{4})'	226
'(([0-9]{1,3}\\.){3}[0-9]{1,3})'	1563
'(\\[.{16,16}[^,)]*?),.*?\\]\\)'	436
'(.{8})(.{4})(.{4})(.{4})(.{12})'	1462
'[\\-]{5}END CERTIFICATE[\\-]{5}'	1315
'^[0-9a-fA-F]{4}\\s+L\\$(\\d+):$'	1580
'[0-9]{4}/[0-9]{4}\\([A-Z]{3}\\)'	1512
'[0-9]{4}/[10]?[0-9]/[0-3]?[0-9]'	44
'(?P<year>\\d{4})(?P<days>\\d{3})'	893
'^([0-9a-f]{2}[:]){5}[0-9a-f]{2}$'	1353
'H([FOP])([A-Z]{3})[A-Z]*:(.*)\\Z'	80
'^([0-9A-Fa-f]{40}) (\\d+) (\\d+)$'	599
'(\\d{1,2}) (\\d{1,2})[ ]?(\\d{4})'	1113
'github.com/(.+)/(.+)(?:\\.git){1}'	1496
'^iqn\\.(\\d{4}-\\d{2})\\.([^:]+):'	548
'\\(([0-9\\?]{4}(/[IVXLCDM]+)?)\\)'	1469
'^[a-zA-Z]{2}(-[a-zA-Z]{2})?\\.py$'	1247
'#([A-Fa-f0-9]{6}|[A-Fa-f0-9]{8})$'	550
'\\s\\s\\s\\s+[\\w]{4}.\\s+\\d*\\Z'	1302
'([a-fA-F0-9]{2}:){5}[a-fA-F0-9]{2}'	1065
'\\b([0-9]{1,3}\\.){3}[0-9]{1,3}\\b'	727
'([zZ])|([\\-\\+][0-9]{2}:[0-9]{2})'	1469
'^(.+)(\\d{3})-(\\d{3})-(\\d{3}).*$'	182
'^\\w+_(\\d\\d[A-Z]{3}\\d{4}).\\w+$'	1397
'(\\d{3})\\s*(\\[not run\\])\\s*(.*)'	560
'info.log.[0-9]{4}-[0-9]{2}-[0-9]{2}'	1448
'(&#x202a;|&#x202c;|&rlm;|\n|\\s{5})'	275
'(\\d{1}) (\\d{2}) (\\d{3}) (\\w{3})'	873
'(?<!\\\\)\\\\u([dD][0-9a-fA-F]{3,3})'	299
'^([0-9a-fA-F]{2}:){5}[0-9a-fA-F]{2}$'	826
'\\d{4}-\\d{4}|\\d{4} - \\d{4}|\\d{4}'	225
'UP\\s+(?:[0-9]{1,3}\\.){3}[0-9]{1,3}'	1007
'^[a-z]*.[0-9a-f]{32}\\.cache\\.html$'	101
'(#\trenamed:\\W{4})(.*?)\\W->\\W(.*)'	233
'inet addr:((\\d{1,3}\\.){3}\\d{1,3})'	244
'\\s*\\t*\\[{1}filesystem(\\d+)\\]{1}'	560
'(\\d{4}-\\d{2}-\\d{2})-(.*).markdown'	870
'(\\d{1,3}(\\,\\d{3})*|\\d+)(\\.\\d+)?'	1488
'^([a-fA-F0-9]){3}(([a-fA-F0-9]){3})?$'	200
'([0-9]{3})\\-([0-9]{3})\\-([0-9]{4})$'	550
'\\s+(([0-9A-F]{2}:){5}[0-9A-F]{2})\\s+'	560
'^\\d{8}T\\d{6}\\-[a-zA-Z0-9\\-]+\\.py$'	1313
'_\\d{4}-\\d{2}-\\d{2}_\\d{2}-\\d{2}\\Z'	962
'/(release|recording)/([0-9a-z\\-]{36})'	913
'([0-9]+):(.+?)( \\(([0-9]{4})\\)\n|\n)'	506
'(^0x[\\da-f]{8})\\s*=\\s*([\\da-f]{32})'	356
'/posts/([\\d]{4})/([\\d]{2})/([\\d]{2})'	68
'^([0-9a-fA-F]{2}[:-]){5}[0-9a-fA-F]{2}$'	1353
'.*Duration: (.{2}):(.{2}):(.{2})\\.(.),'	53
'[\\n]*[\\-]{5}BEGIN CERTIFICATE[\\-]{5}'	1315
'E(\\d{2})(\\d{2})(\\d{2})(\\w{3})(.*)\\Z'	80
'^([0-9a-fA-F]{1,2}:){5}[0-9a-fA-F]{1,2}$'	562
'(\\d{4,4})[\\.|\\s](\\d+)[\\.|\\s](\\d+)'	126
'^([0-9A-Fa-f]{40}) (\\d+) (\\d+) (\\d+)$'	599
'\\b([0-9a-fA-F]{2}:){5}[0-9a-fA-F]{2}\\b'	727
'\\s*(?P<name>.+);(?P<code>[A-Z]{2})\\s*$'	514
'([0-9a-fA-F]{8}|[0-9a-fA-F]{16}) <(.*)>:'	534
'^(?! {4}|\\t).*\\w+(?<!_)_\\w+_\\w[\\w_]*'	485
'^([0-9a-fA-F]{2}[:\\-]){6}[0-9a-fA-F]{2}$'	1353
'\\#?([0-9a-fA-F]{3}([0-9a-fA-F]{3})?){1}$'	615
'^(?:(\\.+|\\++|\\-+)(\\.)?\\s+)?(-{3}-*)$'	1247
'(\\\\x[a-zA-Z0-9]{2}|\\\\[0-7]{1,3}|\\\\.)'	1143
'(<a href="/character/ch[0-9]{7}")>(.*?)</a>'	1469
'^\\d{2}-\\d{2} \\d{2}:\\d{2}:\\d{2}.\\d{3} '	1007
'([0-9]{4}) \\(([0-9]{2})\\.([0-9]{2})\\.\\)'	1408
'[\\-]{5}END( RSA| DSA)? PRIVATE KEY[\\-]{5}'	1315
'\\(([0-9]{3})\\)\\ ([0-9]{3})\\-([0-9]{4})$'	550
u'http://torrentz\\.eu/(?P<hash>[a-f0-9]{40})'	1557
'^(?:[A-Z]{1}\\.{1}|[A-Z]{1}\\.{1}[A-Z]{1})+$'	1561
'http://.*imdb\\.com/title/tt([0-9]{7})/quotes'	1075
'(.*?)(?:\\.(\\d+))?(([-+]\\d{1,2}):(\\d{2}))?$'	425
'^plural_rules-[a-zA-Z]{2}(-[a-zA-Z]{2})?\\.py$'	1247
'^\\(?(\\d{3})\\)?[- .]?(\\d{3})[- .]?(\\d{4})$'	228
'(\\d{4})-(\\d{2})-(\\d{2})[\\s\t]*([0-9:, -]+)'	317
'^([a-zA-Z]{2})(\\-[a-zA-Z]{2})?(\\-[a-zA-Z]+)?$'	1247
'(?<=\\\\u)([0-9a-f]{4})|(?<=\\\\U)([0-9a-f]{8})'	55
'(\\d+) calls to (.{20}) required (\\d+) cycles.'	533
'(^\\(?(\\d{3})\\)?[- .]?(\\d{3})[- .]?(\\d{4})$)'	228
'^[0-9a-fA-F]{4}    (([0-9a-fA-F]{2} )+)\\s+(.+)$'	1580
'Population in (\\d{4})( \\(est\\))?.*?([\\d,.]+)'	55
'^\\s{5}(?P<feat>[a-z_A-Z]+)\\s*(?P<rest>\\S*)\\s*'	1331
'([NS])(\\d\\d)_(\\d{6})([EW])(\\d\\d\\d)_(\\d{6})'	1397
'#([a-fA-F0-9]{2})([a-fA-F0-9]{2})([a-fA-F0-9]{2})'	712
'objectname\\=(\\d{4}\\-\\w\\w\\-\\d+-\\d+\\-\\d+)'	182
'.*[sS][0-9]{2}[eE][0-9]{2}.*\\.(mkv|avi|mpg|mp4)$'	1489
'#([a-fA-F0-9]{4})([a-fA-F0-9]{4})([a-fA-F0-9]{4})'	712
'(?im)(x-eyeconnect-token *: *([0-9a-fA-F]{32,32}))'	859
'^.*?([0-9/]{8}\\s+[0-9:]{8}):\\s+?(.+)\\sjoined.*$'	1027
'(?P<year>\\d{4})-(?P<month>\\d{2})-(?P<day>\\d{2})'	1155
'^.*?([0-9/]{8}\\s+[0-9:]{8}):\\s+?([^:]+):\\s(.*)$'	1027
'[\\n]*[\\-]{5}BEGIN( RSA| DSA)? PRIVATE KEY[\\-]{5}'	1315
'^(\\d{8})(\\d{2})(\\d{2})(\\d{2})\\.(\\d{6})(:)(000)'	225
'C(\\d{2})(\\d{5})([NS])(\\d{3})(\\d{5})([EW])(.*)\\Z'	80
'(?i)fec\\s*-\\s*(\\d+)(\\.?$|\\s+|\\*BD[0-9a-f]{4}$)'	55
'(\\d{4}(?:\\.\\d{2}){2})\\.(\\d{2}(?:\\.\\d{2}){3})$'	1326
'(\\d{4}):(\\d\\d):(\\d\\d) (\\d\\d):(\\d\\d):(\\d\\d)'	53
'([0-9a-fA-F][0-9a-fA-F][:-]){2}[0-9a-fA-F][0-9a-fA-F]'	1361
'^(?P<area>[235]\\d)(?P<area2>\\d{4})(?P<station>\\d+)$'	174
'<a href="http://ad.doubleclick.net.*?;id=(co[0-9]{7});'	1469
'^[0-9]{4}-[0-9]{2}-[0-9]{2} [0-9]{2}:[0-9]{2}:[0-9]{2}$'	490
'(?P<year>[0-9]{4})(?P<month>[0-9]{2})(?P<day>[0-9]{2})$'	55
'(\\d{4})-(\\d{2})-(\\d{2}) / (\\d+)[\\s\t]*([0-9:, -]+)'	317
'^(\\d{4})\\D?(0[1-9]|1[0-2])\\D?([12]\\d|0[1-9]|3[01])$'	1328
'[a-fA-F0-9]{8}[-]([a-fA-F0-9]{4}[-]){3}[a-fA-F0-9]{12}$'	562
'ed2k://\\|file\\|([^|]*)\\|(\\d+)\\|([a-fA-F0-9]{32})\\|'	1569
'/devices/.*/([0-9a-fA-F]{4}):17EF:6009\\.([0-9a-fA-F]{4})'	760
"^([0-9a-f-]{36}) maps to '(.+)' ([0-9a-f]{32}) \\((.+)\\)$"	112
'(?P<signal>[+-]?)(?P<relative>[\\d]?)(?P<weekday>[\\w]{2})$'	200
'^:([0-7]+) ([0-7]+) ([0-9a-f]{40}) ([0-9a-f]{40}) R([0-9]*)$'	1278
'^\\[{2}(?P<uri>[^][]*)(\\]\\[(?P<description>[^][]*))?\\]{2}'	624
'cc_[0-9]{4}-[0-9]{2}-[0-9]{2}T[0-9]{2}:[0-9]{2}:[0-9]{2}.csv'	1044
'(?P<year>\\d{4})( (?P<month>[A-Za-z]{3})( (?P<day>\\d+))?)?$'	1302
'[0-9]{4}-[0-9]{2}-[0-9]{2}T[0-9]{2}:[0-9]{2}:[0-9]{2}_cc.csv'	1044
'([0-9]{4})-([0-1][0-9])-([0-3][0-9]) ([0-2][0-9]):([0-5][0-9])'	165
'.*(?P<code1>[sS][0-9]{2}[eE][0-9]{2})(-(?P<code2>[0-9]{2}))?.*'	1489
'^[0-9a-f]{8}-[0-9a-f]{4}-[0-9a-f]{4}-[0-9a-f]{4}-[0-9a-f]{12}$'	772
'.+/[a-f0-9]{8}-[a-f0-9]{4}-[a-f0-9]{4}-[a-f0-9]{4}-[a-f0-9]{12}$'	1303
'((2[0-5]|1[0-9]|[0-9])?[0-9]\\.){3}((2[0-5]|1[0-9]|[0-9])?[0-9])'	1644
'(?P<year>\\d{4}) (?P<month1>[A-Za-z]{3})-(?P<month2>[A-Za-z]{3})'	1302
'(?P<year>[0-9]{4})([-/.])(?P<month>[0-9]{2})\\2(?P<day>[0-9]{2})$'	55
'^(\\d{4,4}-\\d{2,2}-\\d{2,2}T\\d{2,2}:\\d{2,2}:\\d{2,2})\\.\\d*Z$'	1500
'^(?P<area>1\\d1|11\\d|8\\d\\d)(?P<area2>\\d{3})(?P<station>\\d+)$'	174
'^([a-zA-Z0-9_\\\\[\\]\\{\\}\\^`\\|]+)([\\+|\\-]{2}(?![\\+|\\-])).*'	340
'(\\d{4})-(\\d{2})-(\\d{2})T(\\d{2}):(\\d{2}):(\\d{2})(.(\\d{2}))?Z'	729
'<div class="published">\\D+\\s*(\\d+)\\s(\\D+)\\s(\\d{4}).*</span>'	1494
'-[rwx-]{9} +(\\d+) (\\d{4}/\\d\\d/\\d\\d \\d\\d:\\d\\d:\\d\\d) (.*)'	560
'[\\s\\S]*root[\\s]*([\\d]+)[\\s]*(?:[\\w]*[\\s]*){6}/system/b2g/b2g'	1007
u'[^0-9](?P<year>[0-9]{4})(?P<month>[0-9]{2})(?P<day>[0-9]{2})[^0-9]'	1469
u'[0-9]{4}-[0-9]{2}-[0-9]{2} [0-9]{2}:[0-9]{2}:[0-9]{2}(?:\\.[0-9]+)?'	1158
'^(?P<year>[0-9]{4})[-/](?P<month>[0-9]{1,2})[-/](?P<day>[0-9]{1,2})$'	679
'^(?P<month>[0-9]{1,2})[-/](?P<day>[0-9]{1,2})[-/](?P<year>[0-9]{4})$'	679
'B(\\d{2})(\\d{2})(\\d{2})(\\d{2})(\\d{5})([NS])(\\d{3})(\\d{5})([EW])'	80
'color ([^ ]+) #([a-fA-F0-9]{2,2})([a-fA-F0-9]{2,2})([a-fA-F0-9]{2,2})'	1216
'^(?:[A-Za-z0-9+\\/]{4})*(?:[A-Za-z0-9+\\/]{2}==|[A-Za-z0-9+\\/]{3}=)?$'	1420
'^(bp-)?([0-9a-f]{8}-[0-9a-f]{4}-[0-9a-f]{4}-[0-9a-f]{4}-[0-9a-f]{12})$'	1399
'\\\\(u[dD][89aAbB][0-9a-fA-F]{2}\\\\u[0-9a-fA-F]{4}|u[0-9a-fA-F]{4}|.|$)'	1181
'^.*?([0-9/]{8}\\s+[0-9:]{8}):\\s+?(.+)\\schanged\\sthe\\sgroup\\sicon.*$'	1027
'^([0-9]{4})-([0-1][0-9])-([0-3][0-9])(-([0-2][0-9])-([0-5][0-9]))? +(.*)$'	165
'^http://(?:www.)?(.*?)(?:\\:[0-9]+)?/.*/([0-9B][0-9A-Z]{9})(?:[^0-9A-Z]|$)'	913
'^(\\d{4})(\\d{2})(\\d{2})(\\d{2})(\\d{2})(\\d{2})\\.(\\d{6})([+|-])(\\d{3})'	225
'(\\d{4})-(\\d{2})-(\\d{2}) - (\\d{4})-(\\d{2})-(\\d{2})[\\s\t]*([0-9:, -]+)'	317
'(?P<tzname>(Z|(?P<tzsign>[+-])(?P<tzhour>[0-9]{2})(:(?P<tzmin>[0-9]{2}))?)?)'	1399
'^.*?([0-9/]{8}\\s+[0-9:]{8}):\\s+?(.+)\\schanged\\sthe\\ssubject\\sto\\s(.*)$'	1027
'\\s*<tr>\\n(\\s*<td></td>\\n){2}\\s*(<td></td>){2}<td>&emsp;</td>\\n\\s*</tr>'	324
u'[ ]{1}([01]{1}[0-9]{1}|[2]{1}[0-3]{1}|[0-9]{1})[-:.]([03]{1}[05]{1})[.,: ]{0,1}'	1113
'^(6553[0-5]|655[0-2]\\d|65[0-4]\\d\\d|6[0-4]\\d{3}|[1-5]\\d{4}|[1-9]\\d{0,3}|0)$'	548
'(\\([0-9\\?]{4}(?:/[IVXLCDM]+)?\\)(?: \\(mini\\)| \\(TV\\)| \\(V\\)| \\(VG\\))?)'	1469
'SystemName="([A-Fa-f0-9]{16})",DeviceID="([A-Fa-f0-9]{40})".*InstanceID="(.{56})"'	225
'^([0-9]{4}):([0-9]{1,2}):([0-9]{1,2}) ([0-9]{1,2}):([0-9]{1,2})(?::([0-9]{1,2}))?'	1495
'(\\d{4})-(\\d{2})-(\\d{2}) - (\\d{4})-(\\d{2})-(\\d{2}) / (\\d+)[\\s\t]*([0-9:, -]+)'	317
'^\\$?(\\d{1,3},?(\\d{3},?)*\\d{3}(\\.\\d{0,2})?|\\d{1,3}(\\.\\d{0,2})?|\\.\\d{1,2}?)$'	977
'^(\\d{4}-\\d{2}-\\d{2}T\\d{2}:\\d{2}:\\d{2})(\\.\\d{1,6})?Z?([\\+\\-]\\d{2}:?\\d{2})?$'	1580
'\\([ ]*-?([0-9]+(\\.[0-9]*)?|\\.[0-9]+)([ ]+-?([0-9]+(\\.[0-9]*)?|\\.[0-9]+)){2}[ ]*\\)'	729
'(?P<prefix>^diff(\\s-[a-z]{1})?(\\s-[a-z]{1})?(\\s-[a-z]{1})?)(?P<main>.*)(?P<suffix>$)'	31
'(\\d{4}-\\d{2}-\\d{2} |)(\\d{2}:\\d{2}:\\d{2}) \\[([A-Z]+)\\] (?:\\[Minecraft\\] )?(.*)'	1463
'^\\s*(?:[87][- ]?[- \\(]?[0-9]{3}[- \\)]?[- ]?)?[0-9]{3}[- ]?[0-9]{2}[- ]?[0-9]{2}\\s*$'	44
'(\\w\\w:\\w\\w.\\w) "[^"]+ \\[\\w{4}\\]" "[^"]+ \\[(\\w{4})\\]" "[^"]+ \\[(\\w{4})\\].*'	1501
'(?:(?:25[0-5]|2[0-4][0-9]|[01]?[0-9][0-9]?)-){3}(?:25[0-5]|2[0-4][0-9]|[01]?[0-9][0-9]?)'	1073
'((25[0-5]|2[0-4]\\d|1\\d\\d|[1-9]\\d|\\d)\\.){3}(25[0-5]|2[0-4]\\d|1\\d\\d|[1-9]\\d|\\d)'	1007
'^(-{3}-*)(?::(?P<c>[a-zA-Z][_a-zA-Z\\-\\d]*)(?:\\[(?P<p>[a-zA-Z][_a-zA-Z\\-\\d]*)\\])?)?$'	1247
'(?:(?:25[0-5]|2[0-4][0-9]|[01]?[0-9][0-9]?)\\.){3}(?:25[0-5]|2[0-4][0-9]|[01]?[0-9][0-9]?)'	1073
'^class ([^,]*), addr (\\w\\w:\\w\\w.\\w+), pci id (\\w{4}:\\w{4}) \\(sub (\\w{4}:\\w{4})\\)'	1501
'^timestamp: [a-zA-Z]{3} (\\d{4}-\\d{2}-\\d{2} \\d{2}:\\d{2}:\\d{2}) ([-+])(\\d{2})(\\d{2})$'	122
'^(?:(?:25[0-5]|2[0-4][0-9]|[01]?[0-9][0-9]?)\\.){3}(?:25[0-5]|2[0-4][0-9]|[01]?[0-9][0-9]?)$'	485
'{\\s*(.+?)?\\s?(\\([0-9\\?]{4}-[0-9\\?]{1,2}-[0-9\\?]{1,2}\\))?\\s?(\\(#[0-9]+\\.[0-9]+\\))?}'	1469
'^(?:\\d{4}-\\d{2}-\\d{2} |)\\[?(\\d{2}:\\d{2}:\\d{2})\\]? \\[?(?:[^\\]]+?/|)([A-Z]+)\\]:? (.*)'	1463
'(?P<line>([^"]*["][^"]*["][^"!]*|[^\\\']*\\\'[^\\\']*\\\'[^\\\'!]*|[^!\\\'"]*))!{1}(?P<rest>.*)'	356
'B(\\d{2})(\\d{2})(\\d{2})(\\d{2})(\\d{5})([NS])(\\d{3})(\\d{5})([EW])([AV])(\\d{5})(\\d{5}).*\\Z'	80
'(\\d{4})-(\\d{2})-(\\d{2})T(\\d{2}):(\\d{2}):(\\d{2}(?:\\.\\d+)?)(?:(Z)|([+-])(\\d{2}):(\\d{2}))'	348
'http://(?:www\\.)?redd(?:\\.it/|it\\.com/(?:tb|(?:r/[\\w\\.]+/)?comments)/)(\\w+)(/.+/)?(\\w{7})?'	1463
'%[^0-9A-Fa-f]{2}|%[^0-9A-Fa-f][0-9A-Fa-f]|%[0-9A-Fa-f][^0-9A-Fa-f]|%$|%[0-9A-Fa-f]$|%[^0-9A-Fa-f]$'	1247
'B(\\d{2})(\\d{2})(\\d{2})(\\d{2})(\\d{5})([NS])(\\d{3})(\\d{5})([EW])([AV])(\\d{5})(\\d{5})\\d*\\Z'	80
'_(.+?(?: \\([0-9\\?]{4}(?:/[IVXLCDM]+)?\\))?(?: \\(mini\\)| \\(TV\\)| \\(V\\)| \\(VG\\))?)_ \\(qv\\)'	1469
'^[\\w-]+(\\.[\\w-]+)*@([a-z0-9-]+(\\.[a-z0-9-]+)*?\\.[a-z]{2,6}|(\\d{1,3}\\.){3}\\d{1,3})(:\\d{4})?$'	548
'((?:(?:25[0-5]|2[0-4][0-9]|[01]?[0-9][0-9]?)\\.){3}(?:25[0-5]|2[0-4][0-9]|[01]?[0-9][0-9]?))(?![\\d])'	190
'((?:(?:25[0-5]|2[0-4]\\d|((1\\d{2})|([1-9]?\\d)))\\.){3}(?:25[0-5]|2[0-4]\\d|((1\\d{2})|([1-9]?\\d))))'	1563
'(?:.*(/|\\\\))?(?P<artist>.*) - (?P<album>.*)(/|\\\\)(?P<tracknum>\\d{2}) (?P<title>.*)\\.(?:\\w{2,5})$'	913
'(?:.*(/|\\\\))?(?P<artist>.*) - (?P<album>.*)(/|\\\\)(?P<tracknum>\\d{2})-(?P<title>.*)\\.(?:\\w{2,5})$'	913
'(?:.*(/|\\\\))?(?P<artist>.*) - (?P<album>.*)(/|\\\\)(?P<tracknum>\\d{2}) - (?P<title>.*)\\.(?:\\w{2,5})$'	913
'(?:.*(/|\\\\))?(?P<artist>.*) - (?P<album>.*)(/|\\\\)(?P<tracknum>\\d{2})\\. (?P<title>.*)\\.(?:\\w{2,5})$'	913
'^(([0-9]|[1-9][0-9]|1[0-9]{2}|2[0-4][0-9]|25[0-5])\\.){3}([0-9]|[1-9][0-9]|1[0-9]{2}|2[0-4][0-9]|25[0-5])$'	1353
'(?:.*(/|\\\\))?(?P<artist>.*)(/|\\\\)(?P<album>.*)(/|\\\\)(?P<tracknum>\\d{2}) (?P<title>.*)\\.(?:\\w{2,5})$'	913
'(?:.*(/|\\\\))?(?P<artist>.*)(/|\\\\)(?P<album>.*)(/|\\\\)(?P<tracknum>\\d{2}) - (?P<title>.*)\\.(?:\\w{2,5})$'	913
'(?:.*(/|\\\\))?(?P<artist>.*)(/|\\\\)(?P<album>.*)(/|\\\\)(?P<tracknum>\\d{2})\\. (?P<title>.*)\\.(?:\\w{2,5})$'	913
u'[ ]{1}([01]{1}[0-9]{1}|[2]{1}[0-4]{1}|[0-9]{1})[-:.]([0-6]{1}[05]{1}|\u0447\u0430\u0441\u043e\u0432)[.,: ]{0,1}'	1113
'!?((((2(5[0-5]|[0-4][0-9])|[01]?[0-9][0-9]?)\\.){3}(2(5[0-5]|[0-4][0-9])|[01]?[0-9][0-9]?))(/(3[012]|[12]?[0-9])))'	735
'^(?P<year>\\d{4})-(?P<month>\\d{2})-(?P<day>\\d{2})T(?P<hour>\\d{2}):(?P<minute>\\d{2}):(?P<second>\\d{2})(\\.\\d+)?$'	646
'(?:.*(/|\\\\))?(?P<artist>.*)(/|\\\\)(?P=artist) - (?P<album>.*) - (?P<tracknum>\\d{2}) - (?P<title>.*)\\.(?:\\w{2,5})$'	913
'(?:.*(/|\\\\))?(?P<artist>.*)(/|\\\\)(?P<album>.*)(/|\\\\)(?P=album)-(?P<tracknum>\\d{2})-(?P<title>.*)\\.(?:\\w{2,5})$'	913
'^(\\d{4})\\D?(0[1-9]|1[0-2])\\D?([12]\\d|0[1-9]|3[01])(\\D?([01]\\d|2[0-3])\\D?([0-5]\\d)\\D?([0-5]\\d)?\\D?(\\d{3})?)?$'	1328
'(?P<year>\\d{4})-(?P<month>\\d{2})-(?P<day>\\d{2})[T ](?P<hr>\\d{2}):(?P<min>\\d{2}):(?P<sec>\\d{2})(?P<sec_frac>\\.\\d+)?'	1155
'(?:.*(/|\\\\))?(?P<albumartist>.*) - (?P<album>.*)(/|\\\\)(?P<tracknum>\\d{2})_(?P<artist>.*)_-_(?P<title>.*)\\.(?:\\w{2,5})$'	913
'(?:.*(/|\\\\))?(?P<albumartist>.*)(/|\\\\)(?P<album>.*)(/|\\\\)(?P<artist>.*)-(?P<tracknum>\\d{2})-(?P<title>.*)\\.(?:\\w{2,5})$'	913
'(?:.*(/|\\\\))?(?P<artist>.*)(/|\\\\)((?P<year>\\d{4}) - )(?P<album>.*)(/|\\\\)(?P<tracknum>\\d{2})-(?P<title>.*)\\.(?:\\w{2,5})$'	913
'Week (\\d{1,2}) ending (January|February|March|April|May|June|July|August|September|October|November|December) (\\d{1,2}), (\\d{4})'	411
'^! (((2(5[0-5]|[0-4][0-9])|[01]?[0-9][0-9]?)\\.){3}(2(5[0-5]|[0-4][0-9])|[01]?[0-9][0-9]?)(/(3[12]|[12]?[0-9])))[\\t\\s]+([^\\t]+)$'	735
'(?:.*(/|\\\\))?(?P<albumartist>.*)(/|\\\\)(?P<album>.*)(/|\\\\)(?P<tracknum>\\d{2}) - (?P<artist>.*) - (?P<title>.*)\\.(?:\\w{2,5})$'	913
'(?:.*(/|\\\\))?(?P<albumartist>.*)(/|\\\\)(?P<album>.*)(/|\\\\)(?P<artist>.*) - (?P<tracknum>\\d{2}) - (?P<title>.*)\\.(?:\\w{2,5})$'	913
'(?:.*(/|\\\\))?(?P<albumartist>.*)(/|\\\\)(?P<album>.*)(/|\\\\)(?P<tracknum>\\d{2})\\. (?P<artist>.*) - (?P<title>.*)\\.(?:\\w{2,5})$'	913
'(?P<year>\\d{4})-(?P<month>\\d{2})-(?P<day>\\d{2})[T_ ](?P<hour>\\d{2}):(?P<minute>\\d{2}):(?P<second>\\d{2})(?P<subsecond>\\.\\d+)?Z?'	1469
'(?:.*(/|\\\\))?(?P<albumartist>.*)(/|\\\\)(?P<album>.*)(/|\\\\)(?P=album)-(?P<tracknum>\\d{2})-(?P<artist>.*)-(?P<title>.*)\\.(?:\\w{2,5})$'	913
'^(optimized.)?group(?P<year>[0-9]{2}).(?P<group>[^.]+).mc(?P<prodyear>[0-9]{2})[_]?(?P<energy>[0-9]{1,2})(TeV)?.(?P<run>[0-9]+).(?P<name>).(?P<tag>[^.]+).(?P<suffix>.+)$'	270
"\\d{4}-\\d{2}-\\d{2} \\d{2}:\\d{2}:\\d{2},\\d{3} (\\d|\\.)+  players: \\['(?P<player1>\\w+)', '(?P<player2>\\w+)', '(?P<player3>\\w+)', '(?P<player4>\\w+)'\\] winner (?P<winner>\\w+)"	967
'^((?P<day>\\w{3}),\\s*)*(?P<dm>\\d{2})\\s+(?P<month>\\w{3})\\s+(?P<year>\\d{4})\\s+(?P<hour>\\d{2}):(?P<min>[0-5][0-9])(:(?P<sec>[0-5][0-9]))*\\s((?P<tz>\\w{2,3})|(?P<offset>[+\\-]\\d{4}))$'	1258
'(?P<year>[0-9]{4})-(?P<month>[0-9]{1,2})-(?P<day>[0-9]{1,2}).(?P<hour>[0-9]{2}):(?P<min>[0-9]{2})(:(?P<sec>[0-9]{2}))?(?P<tz>Z|(?P<tzdirec>[-+])(?P<tzhour>[0-9]{1,2})(:)?(?P<tzmin>[0-9]{2})?)?'	506
'(?P<year>[0-9]{4})-(?P<month>[0-9]{1,2})-(?P<day>[0-9]{1,2}).(?P<hour>[0-9]{2}):(?P<min>[0-9]{2})(:(?P<sec>[0-9]{2}))?( )?(?P<tz>Z|(?P<tzdirec>[-+])(?P<tzhour>[0-9]{1,2})(:)?(?P<tzmin>[0-9]{2})?)?'	506
'^(?P<filetype>.)(?P<perms>.{9})\\s+(?P<nlinks>\\d*)\\s*(?P<owner>\\S+)\\s+(?P<group>\\S+)\\s+(?P<size>\\d+)\\s+(?P<date>...\\s+\\d+\\s+[\\d:]+)\\s+(?P<filename>.{1,}?)( -> (?P<linktarget>[^\\r]*))?\\r?$'	557
'(?P<year>\\d{4})-(?P<month>\\d{1,2})-(?P<day>\\d{1,2})[T ](?P<hour>\\d{1,2}):(?P<minute>\\d{1,2})(?::(?P<second>\\d{1,2})(?:\\.(?P<microsecond>\\d{1,6})\\d{0,6})?)?(?P<tzinfo>Z|[+-]\\d{2}(?::?\\d{2})?)?$'	1158
"^([\\w\\!\\#$\\%\\&'\\*\\+\\-\\/\\=\\?\\^\\`{\\|\\}\\~]+\\.)*[\\w\\!\\#$\\%\\&'\\*\\+\\-\\/\\=\\?\\^\\`{\\|\\}\\~]+@((((([a-z0-9]{1}[a-z0-9\\-]{0,62}[a-z0-9]{1})|[a-z])\\.)+[a-z]{2,6})|(\\d{1,3}\\.){3}\\d{1,3}(\\:\\d{1,5})?)$"	1247
'(?P<dayname>[a-zA-Z]{3}), (?P<day>[0-9]{1,2}) (?P<month>[a-zA-Z]{3}) (?P<year>[0-9]{2,4}) (?P<hour>[0-9]{2}):(?P<min>[0-9]{2})(:(?P<sec>[0-9]{2}))?( )?(?P<tz>[A-Z]{2,3}|(?P<tzdirec>[-+])(?P<tzhour>[0-9]{2})(?P<tzmin>[0-9]{2}))?'	506
'((?!.*::.*::)(?:(?!:)|:(?=:))(?:[0-9a-f]{0,4}(?:(?<=::)|(?<!::):)){6}(?:[0-9a-f]{0,4}(?:(?<=::)|(?<!::):)[0-9a-f]{0,4}(?:(?<=::)|(?<!:)|(?<=:)(?<!::) :)|(?:25[0-4]|2[0-4]\\d|1\\d\\d|[1-9]?\\d)(?: \\.(?:25[0-4]|2[0-4]\\d|1\\d\\d|[1-9]?\\d)){3}))(?:\\:(\\d+))?(?:\\:([\\/\\\\w+.\\w+.\\-]+))?'	873
'\n\t\t\t       (?xi)( # allow comments, case insensitive\n\t\t\t        if\\s* # begins with an if statement\n\t\t     (.*(and|or)\\s*)* # predicates are possible\n\t\t       keycode\\s*=\\s* # keycode assignment\n\t        (?P<keycode>\\w{5})\\s* # \n\t  (?P<assign_name>\\w+)\\s*=\\s* #\n(?P<assign_value>[0-9](.[0-9]+)?)\\s*) #\n\t\t\t\t      '	962
'\n    (?P<SN>.*?)         # NG(SN) non greedily capturing show name\n    [\\W_]               # non alphanum char\n    (?P<S>\\d)           # NG(S) grab 1 digit for season number\n    (?P<E>\\d{2})        # NG(E) grab 2 digits for episode number\n    [\\W_]               # non alphanum char\n    (?P<EN>.*)          # NG(EN) greedily trying to grab episode name'	817
"((?<=\\()[A-Za-z][A-Za-z0-9\\+\\.\\-]*:([A-Za-z0-9\\.\\-_~:/\\?#\\[\\]@!\\$&'\\(\\)\\*\\+,;=]|%[A-Fa-f0-9]{2})+(?=\\)))|([A-Za-z][A-Za-z0-9\\+\\.\\-]*:([A-Za-z0-9\\.\\-_~:/\\?#\\[\\]@!\\$&'\\(\\)\\*\\+,;=]|%[A-Fa-f0-9]{2})+)|\\bmailto:\\S*[^\\s\\W]|\\b\\S+@\\S+\\.\\S*[^\\s\\W]|((?<=\\()(www|ftp)\\.([A-Za-z0-9\\.\\-_~:/\\?#\\[\\]@!\\$&'\\(\\)\\*\\+,;=]|%[A-Fa-f0-9]{2})+(?=\\)))|((www|ftp)\\.([A-Za-z0-9\\.\\-_~:/\\?#\\[\\]@!\\$&'\\(\\)\\*\\+,;=]|%[A-Fa-f0-9]{2})+\\.([A-Za-z0-9\\.\\-_~:/\\?#\\[\\]@!\\$&'\\(\\)\\*\\+,;=]|%[A-Fa-f0-9]{2})+)"	18
'\n                (?xm)  # verbose identify URLs in text (and multiline)\n             (?=^.{11} # Mail header matcher\n     (?<!Message-ID:|  # rule out Message-ID\'s as best possible\n        In-Reply-To))  # ...and also In-Reply-To\n               (.*?)(  # must grab to email to allow prior lookbehind\n   ([A-Za-z0-9-]+\\.)?  # maybe an initial part: DAVID.mertz@gnosis.cx\n        [A-Za-z0-9-]+  # definitely some local user: MERTZ@gnosis.cx\n                    @  # ...needs an at sign in the middle\n         (\\w+\\.?){2,}  # at least two domain groups, e.g. (gnosis.)(cx)\n    (?=[\\s\\.,>)\'"\\]])  # assert: followed by white or clause ending\n                     ) # end of match group\n                       '	962
'FooDeathTest\\.\n  Test1\nFoo\\.\n  Bar1\n  Bar2\n  DISABLED_Bar3\nAbc\\.\n  Xyz\n  Def\nFooBar\\.\n  Baz\nFooTest\\.\n  Test1\n  DISABLED_Test2\n  Test3\nTypedTest/0\\.  # TypeParam = (VeryLo{245}|class VeryLo{239})\\.\\.\\.\n  TestA\n  TestB\nTypedTest/1\\.  # TypeParam = int\\s*\\*\n  TestA\n  TestB\nTypedTest/2\\.  # TypeParam = .*MyArray<bool,\\s*42>\n  TestA\n  TestB\nMy/TypeParamTest/0\\.  # TypeParam = (VeryLo{245}|class VeryLo{239})\\.\\.\\.\n  TestA\n  TestB\nMy/TypeParamTest/1\\.  # TypeParam = int\\s*\\*\n  TestA\n  TestB\nMy/TypeParamTest/2\\.  # TypeParam = .*MyArray<bool,\\s*42>\n  TestA\n  TestB\nMyInstantiation/ValueParamTest\\.\n  TestA/0  # GetParam\\(\\) = one line\n  TestA/1  # GetParam\\(\\) = two\\\\nlines\n  TestA/2  # GetParam\\(\\) = a very\\\\nlo{241}\\.\\.\\.\n  TestB/0  # GetParam\\(\\) = one line\n  TestB/1  # GetParam\\(\\) = two\\\\nlines\n  TestB/2  # GetParam\\(\\) = a very\\\\nlo{241}\\.\\.\\.\n'	994
"\n        ^\n        (?:\n          # Dotted variants:\n          (?:\n            # Decimal 1-255 (no leading 0's)\n            [3-9]\\d?|2(?:5[0-5]|[0-4]?\\d)?|1\\d{0,2}\n          |\n            0x0*[0-9a-f]{1,2}  # Hexadecimal 0x0 - 0xFF (possible leading 0's)\n          |\n            0+[1-3]?[0-7]{0,2} # Octal 0 - 0377 (possible leading 0's)\n          )\n          (?:                  # Repeat 0-3 times, separated by a dot\n            \\.\n            (?:\n              [3-9]\\d?|2(?:5[0-5]|[0-4]?\\d)?|1\\d{0,2}\n            |\n              0x0*[0-9a-f]{1,2}\n            |\n              0+[1-3]?[0-7]{0,2}\n            )\n          ){0,3}\n        |\n          0x0*[0-9a-f]{1,8}    # Hexadecimal notation, 0x0 - 0xffffffff\n        |\n          0+[0-3]?[0-7]{0,10}  # Octal notation, 0 - 037777777777\n        |\n          # Decimal notation, 1-4294967295:\n          429496729[0-5]|42949672[0-8]\\d|4294967[01]\\d\\d|429496[0-6]\\d{3}|\n          42949[0-5]\\d{4}|4294[0-8]\\d{5}|429[0-3]\\d{6}|42[0-8]\\d{7}|\n          4[01]\\d{8}|[1-3]\\d{0,9}|[4-9]\\d{0,8}\n        )\n        $\n    "	1523
'\n    ^\n    \\s*                         # Leading whitespace\n    (?!.*::.*::)                # Only a single wildcard allowed\n    (?:(?!:)|:(?=:))            # Colon iff it would be part of a wildcard\n    (?:                         # Repeat 6 times:\n        [0-9a-f]{0,4}           #   A group of at most four hexadecimal digits\n        (?:(?<=::)|(?<!::):)    #   Colon unless preceeded by wildcard\n    ){6}                        #\n    (?:                         # Either\n        [0-9a-f]{0,4}           #   Another group\n        (?:(?<=::)|(?<!::):)    #   Colon unless preceeded by wildcard\n        [0-9a-f]{0,4}           #   Last group\n        (?: (?<=::)             #   Colon iff preceeded by exacly one colon\n         |  (?<!:)              #\n         |  (?<=:) (?<!::) :    #\n         )                      # OR\n     |                          #   A v4 address with NO leading zeros \n        (?:25[0-4]|2[0-4]\\d|1\\d\\d|[1-9]?\\d)\n        (?: \\.\n            (?:25[0-4]|2[0-4]\\d|1\\d\\d|[1-9]?\\d)\n        ){3}\n    )\n    \\s*                         # Trailing whitespace\n    $\n'	1500
'\n        ^\n        \\s*                         # Leading whitespace\n        (?!.*::.*::)                # Only a single whildcard allowed\n        (?:(?!:)|:(?=:))            # Colon iff it would be part of a wildcard\n        (?:                         # Repeat 6 times:\n            [0-9a-f]{0,4}           #   A group of at most four hexadecimal digits\n            (?:(?<=::)|(?<!::):)    #   Colon unless preceeded by wildcard\n        ){6}                        #\n        (?:                         # Either\n            [0-9a-f]{0,4}           #   Another group\n            (?:(?<=::)|(?<!::):)    #   Colon unless preceeded by wildcard\n            [0-9a-f]{0,4}           #   Last group\n            (?: (?<=::)             #   Colon iff preceeded by exacly one colon\n             |  (?<!:)              #\n             |  (?<=:) (?<!::) :    #\n             )                      # OR\n         |                          #   A v4 address with NO leading zeros \n            (?:25[0-4]|2[0-4]\\d|1\\d\\d|[1-9]?\\d)\n            (?: \\.\n                (?:25[0-4]|2[0-4]\\d|1\\d\\d|[1-9]?\\d)\n            ){3}\n        )\n        \\s*                         # Trailing whitespace\n        $\n    '	1523
