'([ ]+_)|(_[ ]+)|([ ]+)'	236,247,919,1007,1395
'([\\\\"]|[^\\ -~])'	55,113,147,181,233,247,251,287,288,302,323,340,355,383,422,436,507,510,580,594,602,622,627,729,752,759,780,849,852,866,878,919,927,935,961,989,1003,1004,1007,1012,1015,1025,1032,1033,1054,1078,1086,1087,1122,1158,1184,1194,1199,1221,1247,1269,1328,1469,1495,1498,1501,1509,1511,1517,1580,1634
'(\r\n|\r|\n)'	12,173,218,251,252,287,305,309,369,412,487,602,639,702,759,852,961,1054,1087,1104,1221,1247,1257,1386,1415,1469,1495,1505,1509,1511,1536,1555,1580
'\\r\\n|\\r|\\n'	12,82,89,114,287,302,323,355,412,422,602,759,849,852,866,878,961,1004,1012,1054,1074,1075,1086,1087,1184,1221,1495,1509,1511,1517,1580,1634
'\r(?!\n)|(?<!\r)\n'	220,323,355,436,510,559,814,925,927,936,995,1003,1068,1104,1150,1211,1269,1301,1328,1439,1469,1495,1498,1536,1555
'(((?<=[a-z])[A-Z])|([A-Z](?![A-Z]|$)))'	82,89,302,323,355,422,716,849,866,878,936,1004,1012,1074,1075,1086,1158,1184,1223,1420,1495,1517,1576,1580,1634
'^(\\s*def\\s)|(.*(?<!\\w)lambda(:|\\s))|^(\\s*@)'	12,287,381,412,422,602,747,759,807,852,961,992,1054,1087,1104,1221,1257,1386,1415,1469,1509,1511,1517,1536,1580
'(\\(|\\)|\\s+)'	82,89,302,323,355,422,849,866,878,1004,1012,1074,1075,1086,1158,1184,1495,1517,1634
'(<!--.*?-->|<[^>]*>)'	96,113,147,181,251,252,487,639,1087,1104,1257,1349,1386,1415,1469,1495,1536,1555,1580
'\\?|[-+]?[.\\w]+$'	302,323,355,422,849,866,878,1004,1012,1086,1158,1184,1495,1517,1580,1634
'&([a-zA-Z][a-zA-Z0-9]*|#[0-9]*)?|<([a-zA-Z][^<>]*|/([a-zA-Z][^<>]*)?|![^<>]*)?'	12,287,412,413,510,602,759,774,852,961,1054,1076,1087,1221,1509,1511
'( +|-+)'	12,287,389,412,602,743,759,852,961,1054,1087,1221,1509,1511,1580
'(\\.|\\s)'	302,323,355,422,849,866,878,1004,1012,1086,1158,1184,1495,1517,1634
'(\\.|\\s|/|-)'	302,323,355,422,849,866,878,1004,1012,1086,1158,1184,1495,1517,1634
'(\\(|\\)|\\s+|-)'	302,323,355,422,849,866,878,1004,1012,1086,1158,1184,1495,1517,1634
',\\s*|\\s+'	12,287,412,602,759,852,961,1054,1087,1221,1475,1509,1511,1580
'(\\++|\\-+|\\^+)'	12,287,381,412,602,759,852,961,1054,1087,1221,1509,1511,1580
'(\\r\\n)|\\n|\\r'	12,287,412,602,759,852,961,1054,1087,1221,1509,1511,1580
'%\\(([^)]*)\\)s|.'	12,287,381,412,602,759,852,961,1054,1087,1221,1509,1511
'\n    \\""" [^"\\\\]* (?:\n                     (?: \\\\. | "(?!"") )\n                     [^"\\\\]*\n                 )*\n    (?: \\""" )?\n\n|   " [^"\\\\\\n]* (?: \\\\. [^"\\\\\\n]* )* "?\n\n|   \'\'\' [^\'\\\\]* (?:\n                   (?: \\\\. | \'(?!\'\') )\n                   [^\'\\\\]*\n                )*\n    (?: \'\'\' )?\n\n|   \' [^\'\\\\\\n]* (?: \\\\. [^\'\\\\\\n]* )* \'?\n'	12,287,412,602,759,852,961,1054,1087,1221,1509,1511,1580
'(__libc_init)|(GLIBC_([0-9.]+))|(libc(_\\w+)?\\.so(?:\\.(\\d[0-9.]*))?)'	12,287,412,602,759,852,961,1054,1087,1221,1509,1511
'(::|\\.\\.|\\(\\)|[/.*:\\[\\]\\(\\)@=])|((?:\\{[^}]+\\})?[^/:\\[\\]\\(\\)@=\\s]+)|\\s+'	12,147,245,287,305,602,1248,1317,1501,1505,1509,1638
'(\\s+|[^\\s\\w]*\\w+[a-zA-Z]-(?=\\w+[a-zA-Z])|(?<=[\\w\\!\\"\\\'\\&\\.\\,\\?])-{2,}(?=\\w))'	12,287,412,602,636,759,852,961,1125,1221,1509,1511
'([\\\\"/]|[^\\ -~])'	41,82,89,101,200,560,1004,1074,1075,1300,1495
'(\\w+(?:\\.c)?|\\W+)'	12,412,549,759,852,961,1054,1087,1221,1511,1580
'(Out\\[[0-9]+\\]: )|(   \\.\\.\\.+:)'	538,642,747,776,971,975,1000,1203,1288,1495,1621
'(In \\[[0-9]+\\]: )|(   \\.\\.\\.+:)'	538,642,747,776,971,975,1000,1203,1288,1495,1621
'(\\s+|(?<=[\\w\\!\\"\\\'\\&\\.\\,\\?])-{2,}(?=\\w))'	308,322,467,505,534,636,743,1125,1216,1466
'{|}'	412,757,759,852,961,1087,1179,1221,1511
'\\\\.|.'	302,849,878,1012,1086,1158,1495,1580,1634
'({)|(})'	12,412,759,852,961,1054,1087,1221,1511
'(\\033|~{)'	305,619,927,1292,1399,1431,1439,1469,1505
'\\\\(begin|end){([_a-zA-Z]+)}|([()\\[\\]])'	12,412,759,852,961,1054,1087,1221,1511
'(a|(b))'	12,412,759,852,961,1087,1221,1511
'(b)|(:+)'	12,412,759,852,961,1087,1221,1511
'(\x1b|~{)'	459,927,1263,1292,1469,1535,1580,1594
'\\S+| +|\\n'	46,147,162,181,251,619,1087,1267
'(?:b)|(?::+)'	12,412,759,852,961,1087,1221,1511
'[\\\\"]|[^ -~]'	306,322,467,505,534,896,1007,1466
'[[({] | []}),;:]'	304,640,662,842,945,1025,1322,1505
'.*/|\\.$|\\.\\.$'	308,322,467,505,534,743,1216,1466
'&.*?;|<.*?>|(\\w[\\w-]*)'	359,849,878,1012,1086,1495,1580,1634
'\\s|\\+|\\-|\\*|\\/|<<|>>]'	322,416,467,505,534,1199,1300,1466
"[\t\n #$%&'()*;<=>?[{|}~]|^$"	306,322,467,505,534,896,1007,1466
'SECRET|PASSWORD|PROFANITIES_LIST|SIGNATURE'	302,323,355,422,866,1004,1495,1517
'\\b(http|ftp|https)://\\S+(\\b|/)|\\b[-.\\w]+@[-.\\w]+'	12,412,759,852,961,1087,1221,1511
'(?:;\\s*|\\s+)(\\b\\w{2}\\b(?:-\\b\\w{2}\\b)?)\\s*;|(?:\\(|\\[|;)\\s*(\\b\\w{2}\\b(?:-\\b\\w{2}\\b)?)\\s*(?:\\]|\\)|;)'	992,1104,1257,1386,1415,1469,1536,1580
'(a)|(b)'	12,412,759,852,1087,1221,1511
'\r\n|\r'	552,606,719,1158,1223,1247,1420
'^[-0-9]+|-+$'	147,162,181,251,619,1087,1267
'(\\s*#)|(\\s*$)'	420,543,596,993,1223,1420,1499
'([(\\[{])|([)}\\])])'	1025,1082,1322,1326,1482,1504,1505
'~$|\\.bak$|#$|\\.cvsignore$'	147,162,181,251,619,1087,1267
'(\\s+|-*\\w{2,}-(?=\\w{2,}))'	322,467,505,534,743,1216,1466
'(?:(?<!\\r)\\n)|(?:\\r(?!\\n))'	55,225,287,510,602,774,1509
'SECRET|PASSWORD|PROFANITIES_LIST'	82,89,1004,1074,1075,1184,1495
'API|TOKEN|KEY|SECRET|PASS|PROFANITIES_LIST|SIGNATURE'	849,878,1012,1086,1495,1580,1634
'(\\s+|[^\\s\\w]*\\w{2,}-(?=\\w{2,})|(?<=[\\w\\!\\"\\\'\\&\\.\\,\\?])-{2,}(?=\\w))'	322,467,505,534,743,1216,1466
'([^\'"<>]|"[^"]*"(?=>|/|\\s|\\w+=)|\'[^\']*\'(?=>|/|\\s|\\w+=))*(?=[<>])|.*?(?=[<>])'	220,454,666,707,927,1003,1247
'p|div|h[1-6]|blockquote|pre|table|dl|ol|ul|script|noscript|form|fieldset|iframe|math|ins|del|hr|hr/|style|li|dt|dd|thead|tbody|tr|th|td'	247,552,606,919,1007,1223,1420
'//|/$'	82,89,1004,1074,1075,1495
'<!--|-->'	82,89,1004,1074,1075,1495
'^ | $|/ | /'	82,89,1004,1074,1075,1495
'[\\._]|\\-(?=$)'	84,506,851,1269,1498,1561
'\\$\\$|\\${\\w+}'	76,1205,1243,1244,1246,1540
'\\\\\\n|\\\\(\\\\|<%)'	992,1104,1257,1386,1469,1536
'&.*?;|<.*?>|([A-Za-z0-9][\\w-]*)'	82,89,1004,1074,1075,1495
'([<>]|&(?!#\\d+;|#x[0-9a-fA-F]+;|\\w+;))'	873,927,1122,1469,1580,1592
'^\\s*\\|\\s.*\\s\\|\\s*$|^\\s*\\+[=+-]+\\+\\s*$'	385,483,640,1069,1149,1583
'irb\\([a-zA-Z_][a-zA-Z0-9_]*\\):\\d{3}:\\d+[>*"\'] |>> |\\?> '	113,251,498,1087,1267,1555
'("(?:[^"\\\\]*(?:\\\\.[^"\\\\]*)*)"|\'(?:[^\'\\\\]*(?:\\\\.[^\'\\\\]*)*)\'|[^\\s]+)'	82,89,1004,1074,1075,1495
'\\w+:|#'	441,628,1054,1204,1580
'(\\(\\s|\\s\\))'	322,467,505,534,1466
'([^*]|\\*(?!/))+'	322,467,505,534,1466
'(\\(|\\)|\\s+|\\+)'	849,878,1012,1086,1158
'["&<>]|[^\\x00-\\x7f]'	433,927,1003,1202,1350
'([^"\\\\]|\\\\(.|$))+'	322,467,505,534,1466
"([^'\\\\]|\\\\(.|$))+"	322,467,505,534,1466
'(<|>|\\+(?!\\s*\\+|$))'	143,188,213,1094,1583
'([^*{}\\s]@|[^*{}@]|\\*(?!/))+'	322,467,505,534,1466
'(></)|("")|(\\n\\s+)\\n|(.|\\s)'	143,188,213,1094,1583
'^.+[:(]\\d+[:)]|^Done processing'	467,505,534,1404,1466
'^\\s+raise|^\\s+return|^\\s+pass'	422,602,747,1517,1580
'([^*{}\\s]@|[^*{}@\\s]|\\*(?!/))+'	322,467,505,534,1466
'(\\\\\\\\)|(\\$\\$)|\\$\\{([^}]+)\\}'	322,467,505,534,1466
'^[,&^\\|\\*/\\+-]|^is |^not |^in |^and |^or '	422,602,747,1517,1580
'(\\s+|-*\\w{2,}-(?=\\w{2,})|(?<=[\\w\\!\\"\\\'\\&\\.\\,\\?])-{2,}(?=\\w))'	147,162,171,181,1381
' |\\('	909,1127,1380,1526
'^_|_$'	305,1025,1138,1505
'\\(|\\)'	614,947,996,1491
'[-T:/.]|\\s+'	927,986,1003,1431
'(\\*|__key__)'	1004,1074,1075,1495
'(debian|ubuntu)'	503,656,906,1404
'#.*?(?=\n)|\n(?=$)'	1263,1290,1580,1594
'([<>]|&(?![^\\s]+;))'	60,64,881,928
'(redhat|fedora|centos)'	503,656,906,1404
'(centos|redhat|fedora)'	503,656,906,1404
'\\"\\"\\"|\\\'\\\'\\\''	433,927,1003,1202
'[()]|\\s=[^=]|[^=!<>]=\\s'	304,662,842,1322
'(3\\.1\\d+)|(MiKTeX \\d+.\\d+)'	642,776,971,1203
'text/html|application/x(ht)?ml'	1263,1290,1580,1594
'\\.\\.|^\\./|\\.$|/\\./|^-|^_ah/'	1004,1074,1075,1495
'\\bhtml|js|css|xml|haml|stylus\\b'	1025,1322,1326,1505
'(^[ \\t]*>>> |^[ \\t]*\\.\\.\\. )'	422,602,747,1517
u'%[^0-9A-Fa-f]|%[0-9A-Fa-f][^0-9A-Fa-f]'	927,1292,1399,1469
'^\\s+<spontaneous>\\s*$|^.*\\((\\d+)\\)$'	851,1269,1561,1576
'\\\\|\\/|\\||\\:|\\?|\\*|"|<|>|[\x00-\x1f\x7f-\x9f]/'	191,532,843,1132
'\\.|\\\\|\\/|\\||\\:|\\?|\\*|"|<|>|[\x00-\x1f\x7f-\x9f]'	191,532,843,1132
'(/\\.)|(//)|([\\\\:\\*\\?\\""\\<\\>\\|]|[\x00-\x1f]|[\x7f-\x9f])'	191,532,843,1132
'(\x1b\\[?\\??#?[0-9;]*[a-zA-Z0-9@=>]|\x1b\\][0-9];.*?\x07|[\x01-\x0f]|\x1b\\([AB0])'	385,640,1149,1583
'(\\s+|[^\\s\\w]*\\w+[^0-9\\W]-(?=\\w+[^0-9\\W])|(?<=[\\w\\!\\"\\\'\\&\\.\\,\\?])-{2,}(?=\\w))'	381,1054,1087,1580
'\n                \'.*?\' |    # single quoted strings or\n                ".*?" |    # double quoted strings or\n                \\w+   |    # identifier\n                \\S         # other characters\n                '	422,602,747,1517
'\r|\n'	9,16,1247
'\\.|_'	1317,1412,1501
'"|\\\\'	91,1179,1594
'%[^%]|%$'	287,602,1509
'\\.|\\\\'	1183,1506,1510
'^$|^\\s*#'	1630,1632,1639
'(\\"|\\\')'	1183,1506,1510
'wrong|error'	1007,1015,1032
'crash|assert'	1007,1015,1032
'\\{\\{|\\}\\}'	46,1050,1469
'ntpdate|w32tm'	560,1317,1501
'"([^"]+)"|(\\S+)'	127,682,1529
'\\[|\\]|\n+|\\s+'	560,1317,1501
'ERROR[: ]|failed: '	1025,1322,1505
'md[0-9]$|sd[a-z]+$'	1183,1506,1510
'(\\s*\\=)|(\\s*\\:)'	119,225,976
'\\s*define|\\s*endef'	1007,1015,1032
'(?:\\[(\\d+)\\:)|\\]'	113,147,181
'ustar *\x00|[ \x00]*$'	1269,1469,1498
'(driver|source|address)'	947,996,1491
'md[0-9]$|sd[a-z]+$|xvd[a-z]+$'	1183,1506,1510
'/dev/cdrom-\\w+|/dev/cdrom\\d*'	560,1317,1501
'(?<!\\\\)(\\s*\\=)|(?<!\\\\)(\\s*\\:)'	119,225,976
'(.*[Jj]amfile\\.v2)|(.*[Bb]uild\\.jam)'	241,874,1249
'^(?P<chunk>[^\\r\\n]+)|(?P<newline>\\n|\\r\\n?)'	381,1054,1087
'(_F2PY_STRING_CONSTANT_\\d+_|F2PY_EXPR_TUPLE_\\d+)'	356,518,787
'(?:(?P<jarfile>[\\w\\d.\\-\\_\\\\/]+).jar\\:)|(?:\\s*(\\#.*)?)\\s*$'	1007,1015,1032
'(\'[^\']*\'|"[^"]*"|::|//?|\\.\\.|\\(\\)|[/.*:\\[\\]\\(\\)@=])|((?:\\{[^}]+\\})?[^/\\[\\]\\(\\)@=\\s]+)|\\s+'	1054,1087,1580
'[a-zA-Z_][0-9a-zA-Z_+-]*|[0-9+-][0-9a-zA-Z_.+-]*|"([^"\n\\\\]|\\\\.)*("|\\\\?$)|\'([^\'\n\\\\]|\\\\.)*(\'|\\\\?$)'	1004,1495,1580
"\n    (?:'[^'\\n\\r]*')+|\n    <=|>=|!=|=|<|>|\n    :\\w+|\n    ,|\n    \\*|\n    -?\\d+(?:\\.\\d+)?|\n    \\w+|\n    \\(|\\)|\n    \\S+\n    "	1004,1074,1075
'\n    (?P<escape_hex>\\{\\#x(?P<escape_hex_val>[0-9a-fA-F]+)\\})\n  | (?P<escape_dec>\\{\\#(?P<escape_dec_val>[0-9]+)\\})\n  | (?P<escape_lbrace>\\{\\{)\n  | (?P<escape_rbrace>\\}\\})\n  | (?P<attr>\\{\n        (?P<attr_name>[^ \\{\\}]+)\\s+\n        (?P<attr_val>[^\\}]+)\\})\n  | (?P<nl_hard1>\\n(?=[ \\t]))\n  | (?P<nl_hard2>\\{\\}\\n)\n  | (?P<nl_soft>\\n(?=\\S))\n  | (?P<nl_para>\\n\\n+)\n  | (?P<text>[^\\{\\}\\n]+)\n    '	518,757,787
',|;'	1628,1633
'\\s|,'	332,689
'(H|S)'	109,182
'(\\\\|")'	241,1249
'(\\.|::)'	305,1505
'( +|\\n)'	757,1087
'(\\s|,)+'	640,662
'[&<]|]]>'	1076,1350
'^\\"|\\"$'	113,1469
'\r|\n|\r\n'	305,1505
'e1000|^ide'	1317,1501
'(\\d+|\\D+)'	224,1469
'\r\n|\r+|\n'	640,662
'DOCTYPE|xml'	102,1232
'\\W|^(?=\\d)'	581,598
'\\s*,\\s*|\\s+'	518,787
'\\n+|\\r+|\\f+'	109,182
'(^package:)|\\s'	919,1007
'\\\\u.{4}|\\\\.'	251,1087
'(\\r\\n|\\n|\\r)'	636,1125
'(\r\n)|\r|(\n\r)'	602,1054
'<[^>]+>|[^\\s<]+'	1248,1488
'\\s+|(?:\\s*,\\s*)'	332,689
'bill=SB|SCR|SJR\\d+'	109,182
'\\-|\\s|T|t|:|\\.|Z'	171,1381
'^[^{]*\\}|\\{[^}]*$'	1263,1580
':|\\*|\\?|"|<|>|\\|'	305,1025
'G_CONST_RETURN |const '	1054,1198
'(Saving to:|\\s*\\d+K)'	1025,1326
'(vmlinu[xz]|kernel.img)'	171,1381
'(Read-only)|(protected)'	1317,1501
'[/*?]|\\[[^]]*/[^]]*\\]'	737,1315
'^(\\d+)L?:|^\\((\\d+)L?,'	1415,1580
'([idel])|(\\d+):|(-?\\d+)'	962,1557
'%G|\\[m|\\[[\\d;]+[HJnrm]'	1317,1501
'\\.\\.|^\\./|\\.$|/\\./|^-'	82,89
'(\\A[ \n]*\n)|(\n[ \n]*\\Z)'	757,1087
'(Resolving |Connecting to )'	1025,1326
'([\\-0-9])|([\\-0-9]/[0-9])'	518,787
'^[\\"\\[`\\\']|[\\"\\]`\\\']$'	1415,1580
'(0x[0-9A-Fa-f]+|0\\d*|[1-9]\\d*)'	1246,1540
'(\\w+://.*|/.*|\\w:\\.*|\\w:/.*)'	305,1505
'(initrd(.*).img|ramdisk.image.gz)'	171,1381
'[^/\\\\,{]\\*\\*|\\*\\*[^/\\\\,}]'	1263,1580
'(?m)^alias\\s+scsi|(?m)^alias\\s+eth'	1317,1501
'\\\\u([0-9A-F]{4})|\\\\U([0-9A-F]{8})'	55,908
'(\\w+|-+>|=+>|"[^"]+"|\'[^\']+\'|\\|)'	1248,1488
'[a-z]::[^=]|:[a-z]+:|`|\\.\\.\\s*\\w+:'	1087,1580
'bot|http|\\.com|crawl|spider|python|curl|yandex'	296,819
'(?P<urlcmd>\\s*url\\s.*)|(?P<nfscmd>\\s*nfs\\s.*)'	171,1381
'^(None or|optional) ([\\w\\.]+)$|^([\\w\\.]+) or None$'	757,1087
'(^[ \\t]*In \\[\\d+\\]: |^[ \\t]*\\ \\ \\ \\.\\.\\.+: )'	422,1517
'^www\\.|^(?!http)\\w[^@]+\\.(com|edu|gov|int|mil|net|org)$'	1495,1634
'((?<!{)(?:{{)+|(?:}})+(?!})|{(?:[^{](?:[^{}]+|{[^{}]*})*)?})'	568,1144
'(\\\\|\\*|\\+|\\?|\\||\\{|\\}|\\[|\\]|\\(|\\)|\\^|\\$|\\.|\\#|\\ )'	1025,1505
'//.*?$|/\\*.*?\\*/|\\\'(?:\\\\.|[^\\\\\\\'])*\\\'|"(?:\\\\.|[^\\\\"])*"'	298,1007
'(BlackBerry|HTC|LG|MOT|Nokia|NOKIAN|PLAYSTATION|PSP|SAMSUNG|SonyEricsson)'	296,819
'(I[0-9a-f]{8,40})|([Bb]ug|[Ll][Pp])[\\s\\#:]*(\\d+)|([Bb]lue[Pp]rint|[Bb][Pp])[\\s\\#:]*([A-Za-z0-9\\-]+)'	1223,1420
'(\'[^\']*\'|"[^"]*"|::|//?|\\.\\.|\\(\\)|[/.*:\\[\\]\\(\\)@=])|((?:\\{[^}]+\\})?[^/:\\[\\]\\(\\)@=\\s]+)|\\s+'	72,1087
'(\\s+|(?<=\\s)(?::[a-z-]+:)?`\\S+|[^\\s\\w]*\\w+[a-zA-Z]-(?=\\w+[a-zA-Z])|(?<=[\\w\\!\\"\\\'\\&\\.\\,\\?])-{2,}(?=\\w))'	251,1087
"\n    (?:'[^'\\n\\r]*')+|\n    <=|>=|=|<|>|\n    :\\w+|\n    ,|\n    \\*|\n    -?\\d+(?:\\.\\d+)?|\n    \\w+|\n    \\(|\\)|\n    \\S+\n    "	82,89
u'\n    ::(?=[^=])|            # two :: (but NOT ::=)\n    :[a-zA-Z][a-zA-Z0-9]+| # :foo\n    `|                     # ` (seldom used by itself)\n    (?<!\\.)\\.\\.[ \\t]*\\w+:  # .. foo: (but NOT ... else:)\n    '	1087,1580
'\n                \'.*?(?<!\\\\)\' |    # single quoted strings or\n                ".*?(?<!\\\\)" |    # double quoted strings or\n                \\w+          |    # identifier\n                \\S                # other characters\n                '	747,1580
"(?x)\n        # Tokenize the input into keyword, separator, noise\n        ([a-zA-Z0-9_]+)         |   # A keyword is a alphanum word\n        ( \\. | \\:\\: | \\-\\> )    |   # These are the allowed separators\n        (.)                         # If it doesn't fit, it's noise.\n            # Matching a single noise char is enough, because it\n            # is used to break the tokenization as soon as some noise\n            # is found.\n        "	757,1087
'>|%'	1076
':|='	1007
'/|-'	1488
',|$'	1179
'%|&#'	1076
'\n|,'	360
'\\s|$'	1248
'\\?| '	1555
'\\.|/'	1338
'\\.|-'	872
'NE|NN'	1620
'^|\\n'	1179
'<|&|"'	1076
"<|&|'"	1076
':|\\.'	760
'\n|\r$'	990
'(--|/)'	1315
';|&|-r'	1256
'yes|no'	1076
'(\'|")'	560
'<|><|>'	536
'/|\\\\'	972
', |,| '	375
'\\\\|/'	471
'\\W+|_'	1469
'\\[|\\]'	1067
'\\s|\\('	842
'\\n|\\t'	936
'\n|\r\n'	1594
'\\;|\\('	182
'WMS|OWS'	740
'( |\\n)'	1054
'\\+|\\-'	374
'(\\s|$)'	1001
'(\\s|_)+'	290
'\\*|\\\\'	374
'\\"|\\\''	190
'//|\\s*$'	633
'\\n|\\\\'	679
' ( +)|^ '	1258
'\\s|,|;|:'	560
'https?:|/'	1258
'\\d+|\\D+'	1436
u'#?}|>|%}'	782
'hd.$|sd.$'	1143
'([*]|[:])'	356
'self|None'	1247
u'\r\n?|\n'	1621
'[ \t]+|\n'	1523
'^_[A-Z]|__'	1007
'\\.pyc$|~$'	1233
"('|\x00|%)"	413
'(qt)|(gtk)'	290
'\r\n|\n|\r'	757
'<.*>|</.*>'	1076
'(\\d|\\.)+'	340
u'<.*?>|(.)'	1158
' |,|"|=|[|]'	1618
'[a-z]+|\\d+'	1594
'^[@]+|[@]+$'	1580
'(bin|\\.sh)'	727
'(\\*|[0-9])'	339
'(@|<|>|-|!)'	842
'--help|help'	560
'\\s|\\(|\\)'	1338
'\\[\\n|\\?>'	1555
' P=|R=|CRC='	156
'^(and)|(or)$'	1602
'enum|\\(|\\)'	574
'^\\.|~$|^\\$'	557
' |/|\\|\\.|-'	1338
'^\\s*$|^#.*$'	496
'[&<>"\']|]]>'	1350
'call|ret|jmp'	1250
'^eth|br[0-9]$'	1353
'\\.cpp$|\\.c$'	108
'(\\s+$| +\\t)'	1426
'^.*?\\s+#|;.*'	990
'(\n\r)|(\r\n)'	1247
'^\\s*$|^\\s*#'	842
'^\\./|\\.\\./'	1025
'^[_@]+|[_@]+$'	1580
'(ATOM|HETATM)'	31
'\\s|\\(.*?\\)'	973
'<!\\[|\\]\\]>'	1076
'^true$|false$'	820
'(\\s+.*)|(^$)'	1143
'[a-zA-Z]+|\\d+'	623
'/[.]svn|.*26.*'	805
'(MODEL|ENDMDL)'	31
'nopush|no push'	534
'(?<!\\\\),|\\s'	560
'`|\xe2\x80\x99'	255
'\\\\n|\\\\\\\\'	679
'(\\+|\\s|%20)+'	1247
'Present|Absent'	182
'\\\\.|\\(\\?P='	1248
'[*]|--|[^+*-]+'	1248
u'[*?]|\\[.+\\]'	737
'\\.vec$|\\.sca'	161
'[A-Za-z]|\\b\\s'	550
'\\w+://|magnet:'	1569
'(CONECT|MASTER)'	31
'(,\\n|[^\\n-])+'	1594
'<=|<|==|!=|>=|>'	891
'480p|720p|1080p'	1469
'(\\"|\\\'|\\\\)'	1580
'EOS|\\*|\\#|\\+'	1248
'Error: |ERROR: '	1076
'\\.ini$|\\.xml$'	161
'[0-9a-fA-F]{2}|.'	1386
'\\w+|[\\.\\!\\?]'	1248
'<!--[^>]*-->|<!>'	1247
'[*{}?+]|\\[.+\\]'	737
'(\\r| |\\n|\\t)+'	908
'(^True$|^False$)'	1644
'[\\\\/\\?"]|^\\.'	1003
', \\w*?\\.|(I+)$'	182
'"[^"]*"|\'[^\']*'	1076
'/project(s)?|//.+'	436
u'\\\\\\\\|\\\\_|_'	813
'[^a-z0-9_]|^[0-9]'	1520
'\xc5\x9b|\xc5\x9a'	1470
u'(\xef|\xbb|\xbf)'	745
'([[ ~^:?*]|\\.\\.)'	502
'(\\dQ)|(Q[:.]?\\d)'	1190
'#REQUIRED|#IMPLIED'	1076
'\\d+(.\\d*)?|.\\d+'	1076
'#(\\w+)|\\[(.+)\\]'	1002
'( ?\\$|URL: |Rev:)'	674
', (\\w*?)\\.|(I+)$'	182
'(\\d{4}s?|\\d{2}s)'	1488
'(.*\\.zip)/?(.*)$|'	1248
'(<!--.*-->|<[^>]*>)'	992
'\\d+\\.\\.$|\\.{4}$'	1594
'RegExp\\b|\\/[^\\/]'	1322
'Firefox|Thunderbird'	225
'^\\s*$|^(-+).*(-+)$'	1384
'assets|views|vendor'	1215
u'__|try\\s*:|lambda'	1557
'(appcfg|bulkloader)'	1495
'[\\\\"]|[\x00-\x1f]'	534
'[=*/+\\-^()]|[\\w.]+'	232
'^$|^-$|[/ \\t\\r\\n]'	944
'^(192.)|(10.)|(127.)'	1139
'\\W*@\\W*|\\W+at\\W+'	485
'(string.)|(comment.)'	626
'/\\*.*?\\*/\\s*|[()]'	292
'([\\s\\xa0]+|&nbsp;)'	761
'^\\.|^\\d\\.$|\\.\\.$'	1594
"''|\\\\([0-7]{1,3}|.)"	1520
'(\\d[Aa])|(A[:.]?\\d)'	1190
'[/:()<>|?*\\ ]|(\\\\)'	1613
'\\[|\\]|[^\\[\\]\\s]+'	1248
'([^\\w.@+-/]|[,;?!])*'	585
u'(?s)<[^>]*>|&#?\\w+;'	506
'^1900|^1[2-9]\\d\\d976'	174
'(AVERAGE|MIN|MAX|LAST)'	225
'^\\d+(-\\d+)?|\\.\\w+$'	1569
u'\\+(\\d*) |\\+(\\d*)$'	624
'%20Mac%20|mac_valgrind'	1007
'maintenance|no commits'	534
'[=*/+\\-^]{1,2}|[\\w.]+'	232
'^\\s*\t*#|^\\s*$|^\\s*}'	317
'(\\s)*class(\\s)+|:|\\('	842
'class |def |u?r?["\\\']'	1199
'u(".*?")|u(\\\'.*?\\\')'	1087
'(\\s+(</span>)?$| +\\t)'	1426
'^/tmp/|^(/var|/usr)/tmp/'	1226
'[;\\s\\/\\+]$|^$|(?=: ).'	1025
'\\s{2,}|[\t\n\r\x0c\x0b]'	381
'((/\\*.*?\\*/)|(//.*?$))'	1522
'("[^"]*?")|(\'[^\']*?\')'	1247
'"[^"]+"|\\\'[^\\\']+\\\''	232
'/\\.[^\\.]|\\\\\\.[^\\.]'	602
'(\\.\\. )|(\\d+.)|(-   )'	476
'(^.|\\b(?:[iv]+|dci)\\b)'	771
'(".*?")|(\'.*?\')|(\\s+)'	1258
'((?<=\\s)\\d{4}|^\\d{4})'	1488
'"|\'|<\\?|<!--|\\]|<!\\['	1076
'(! Emergency stop|Error:)'	31
'(?i)incorporated|(?i)inc.'	225
'(slando.spb.ru|slando.ru)'	1122
'(References|Bibliography)'	1338
'(-devel)|(-dgb)|(-static)'	290
'\\bhtml|js|css|xml|haml\\b'	305
'"|(/\\*)|(\\*/)|(//)|\n|\r'	1025
'SQLITE|HTTP|SPDY|CACHE|DNS'	1007
'\\s*[:_\t]+\\s*|\\s{2,}|\n'	1190
'/\\\\|\\/|\\||\\:|\\?|\\*/'	45
'(?mx) (?:^\\s*$)|(?:--.*$)'	619
'^s3n:/|hdfs://(.*?)(/.*?)$'	440
'[+-]?\\d*\\.\\d*|[+-]?\\d+'	374
'_test.rb|_spec.rb|.feature'	1215
'app(\\/|\\\\)|(lib|extras)$'	1215
'event_teamlist|matchresults'	655
'^\\s|\\s$|\'|"|;|`|,|/|\\\\'	993
'["\\*<>\\|]|^\\.|\\.$|\\s+$'	1003
'Funcname|Classless_Function'	39
'(.*[*?[\\\\]|ignorecase\\:)'	679
'SERVER|CLIENT\\_JOB\\.[\\d]'	560
'^\\s*//.*|^\\s*/\\*[^*]*\\*/'	1621
'(^\\d{5}$)|(^\\d{5}-\\d{4}$)'	228
'[0-9]+(?:\\.[0-9]+)?|[^0-9]+'	1436
u'mon|tue|wed|thu|fri|sat|sun'	624
'\\.|\\\\|\\/|\\||\\:|\\?|\\*'	45
u'\\w{5,}|\\w{2,}(?:[:-]\\w+)+'	782
'(\\n|\\r\\n|\\r|[ \\t]+|\\S+)'	43
'([A-Z][A-Z][a-z])|([a-z][A-Z])'	820
u'<.*?>|((?:\\w[-\\w]*|&.*?;)+)'	1158
'([!=]=\\s*None)|(None\\s*[!=]=)'	1054
'"((?:\\\\"|[^"])+)"|([^ \\t"]+)'	813
'(GAUGE|COUNTER|DERIVE|ABSOLUTE)'	225
'(\\<div[^\\>]+\\>)|(\\</div\\>)'	190
'[^\\s]*?[\'|"].*?[\'|"]|[^\\s]+'	560
'\\+|\\\\|\\*|\\?|\\(|\\)|\\[|\\]'	190
'^/api/v(?P<version>\\d+)/|^/api/'	391
'Confirmed a race|unexpected race'	1007
'\\[err\\]|\\[error\\]|\\[warn\\]'	498
u'[^\\s"]*"[^"]*"[^\\s"]*|[^\\s"]+'	782
'EPSG:900913|EPSG:3857|EPSG:102100'	740
'\\=+|\\!\\=|\\<\\=|\\<|\\>\\=|\\>'	374
'("[^"]*"|0x[0-9A-Fa-f]{1,4}|\\d+)'	804
'\\$(\\d+)|\\$\\{(\\d+):[^\\}]+\\}'	407
'[IV]+$|\\bJr\\b\\.$|\\b(Sr)\\b\\.$'	182
'([zZ])|([\\-\\+][0-9]{2}:[0-9]{2})'	1469
'(\\w+|[-\\.\\d]+| |\n|.|,|:|!|\\?)'	1456
'(^|[\\W_])fanart|backdrop\\d*[\\W_]'	1469
'%d|%f|%H|%m|%M|%S|%W|%Y|%C|%%|%P|%p'	1399
'[0-9]+(\\.[0-9]*)?|[0-9]*\\.[0-9]+$'	1248
'\\W*\\.\\W*|\\W+dot\\W+|\\W+d0t\\W+'	485
'.*<([^@]+)@[^@]+>\\s*|([^@]+)@[^@]+'	1258
'(&#x202a;|&#x202c;|&rlm;|\n|\\s{5})'	275
'\\d{4}-\\d{4}|\\d{4} - \\d{4}|\\d{4}'	225
u'API|TOKEN|KEY|SECRET|PASS|SIGNATURE'	1158
'(^build|[^/]+\\.egg-info|.*.py[co]$)'	884
'\\w+(?=: flags)|eth[0-9](?=\\s*Link)'	1501
'\\s*[,/&.]\\s*|\\s+and\\s+|\\s{2,}|\n'	1190
'(/\\*([^*]|(\\*+[^*/]))*\\*+/)|(//.*)'	1630
'<.?H2>|<.?p>|<.?A.*>|<.?P.*>|<.?HR.*>'	1076
'(^[^a-zA-Z\\._]+)|([^a-zA-Z\\._0-9]+)'	740
'^\\\\[a-zA-Z]+[ ]?|^\\\\[^a-zA-Z][ ]?'	899
'(/[\\w/]*)|([^/ ][^: ]*)(:(\\d+)){,1}'	897
'^LOL|EVOLVE|ASAP|WEB-DL|IMMERSE|PROPER'	1609
'.*Backups|.*Backup.*|.*devfs.*|.*map.*'	1178
'(<[^>]*?href=["\']|http://[^"\' \\t]+)'	245
'(<script.*?/script>)|(<style.*?/style>)'	183
'<title>(.*)</title>|<TITLE>(.*)</TITLE>'	1076
'(-devel)|(-debuginfo)|(-static)|(-libs)'	290
'--?\\w+|=?"[^"]*"|=?\'[^\']*\'|=?[^\\s]+'	1180
'comment|text|processing-instruction|node'	1076
'((?<=[a-z])[A-Z]|(?<!\\A)[A-Z](?=[a-z]))'	756
'(\'[^\']\'|[-=]+>|"[^"]+"|\'[^\']+\'|\\|)'	1248
'([A-Z0-9][a-z]+|[A-Z0-9]+(?![a-z])|[a-z]+)'	533
u'http://|https://|ftp://|file://|file:\\\\'	971
'(\\\\x[a-zA-Z0-9]{2}|\\\\[0-7]{1,3}|\\\\.)'	1143
'(failed|delayed|delivered|relayed|expanded)'	1539
'([A-Za-z]|-?[0-9]+\\.?[0-9]*(?:e-?[0-9]*)?)'	1054
'r?u?\\\'(.*?)(?<!\\\\)\\\'|"(.*?)(?<!\\\\)"'	1247
'(\\w+|-+>|=+>|"[\\w ]+"|\\\'[\\w ]+\\\'|\\|)'	1248
'(?ims)<p[^>]*>.*?</p>|<li(?!n)[^>]*>.*?</li>'	539
'%d|%f|%H|%j|%m|%M|%S|%w|%W|%Y|%C|%z|%Z|%h|%%'	1399
'Chrome|Gecko|Microsoft|Mozilla|Safari|WebKit'	944
'^(.+?)/|/?(.+?)/main/?.*?/([0-9]+|CHECKEDOUT)'	1426
'[a-zA-Z_]+(@[0-9]+)?|[0-9]+(\\.[0-9]+)?|[^ \n]'	533
'(Ratification|Accession|Succession|Acceptance)'	829
'(\\w+(?:/\\w+)?|[-=]+>|"[^"]+"|\'[^\']+\'|\\|)'	1248
'((?P<hquote>[\\\'"])(?P<htext>.+?)(?P=hquote))|'	190
u'[ \\t]*--[ \\t]*|__[ \\t]*|_[ \\t]+(_[ \\t]+)*'	782
'(?<=\\\\u)([0-9a-f]{4})|(?<=\\\\U)([0-9a-f]{8})'	55
'\\d+|>>|<<|[<>!=]=|&&|\\|\\||[-+*/%^&<>?:|!()n]'	782
'^(\\^C)?(-+\\n)|^(  File)(.*)(, line )(\\d+\\n)'	1580
'([!=]=\\s*(True|False))|((True|False)\\s*[!=]=)'	1054
'\\s|=|,|:|\\((?!.*\\))|\\[(?!.*\\])|\\{(?!.*\\})'	747
'(^(\x00|\n|\r| |:|<)|[\x00\n\r\x80-\xff]+|[ ]+$)'	585
u'(__Pyx_X?(GOT|GIVE)REF|__Pyx_RefNanny[A-Za-z]+)'	1621
'(\\w+|-+>|=+>|"[\\w\\\' ]+"|\\\'[\\w ]+\\\'|\\|)'	1248
'(^==$)|(^!=$)|(^>=$)|(^<=$)|(^\\&\\&$)|(^\\|\\|$)'	1205
'(\\s)*def |(\\s)*class |(\\s)*#begin-fold:|(.)*{$'	842
'(Notification|Undelivered Message|Delivery Report)'	1539
'(#\tmodified:\\s+|#\tnew file:\\s+|#\tdeleted:\\s+)'	233
"<\\w+[^>]*>|</\\w+>|[\\w\\']+|\\s+|[^\\w\\'\\s<>/]+"	55
'(HWPREDICT|SEASONAL|DEVSEASONAL|DEVPREDICT|FAILURES)'	225
'\n            <.*>_CODE\n            |\\s.*_ID\n    '	1248
'CDATA|IDREFS|IDREF|ID|ENTITY|ENTITIES|NMTOKENS|NMTOKEN'	1076
'\n        \\(CODE .*\\)\n        |\\(ID .*\\d\\)\n    '	1248
'0x[0-9a-fA-F]+|[+-]?\\d+(\\.\\d+)?([eE][+-]\\d+)?|\\d+'	1247
'(?:ResultBody"><br /><br />(.*?)&nbsp;)|(?:<b>(.*?)</b>)'	539
'(slap|kick|smack|hit|beat|poke|push|hurl|backhand|punch)'	275
'(--(?P<key>\\S*)[=](?P<value>\\S*))|(--(?P<option>\\S*))'	1459
'\\\\.|"""|\\\'\\\'\\\'|"|\\\'|\\(|\\)|\\[|\\]|\\{|\\}|\\#'	1248
'Email|email|login|logon|Logon|Login|user|username|Username'	1523
'ID=[^,]+,?|Number=[^,]+,?|Type=[^,]+,?|Description="[^"]+",?'	1412
'^/etc/security/console\\.apps/|/\\.nosearch$|/__init__\\.py$'	1226
'\n                <.*>_CODE\n                |\\s.*_ID\n        '	1248
'(\\w+(?:/\\w+)?|\\[[01]?\\.\\d+\\]|[-=]+>|"[^"]+"|\'[^\']+\'|\\|)'	1248
'gettys are handled by|inittab is no longer used when using systemd'	1501
'<blockquote><H1>.*</H1>(.*)<p></blockquote>|<H1>.*</H1>(.*)</BODY>'	1076
'jobfailures\\.jsp|jobtracker\\.jsp|jobdetails\\.jsp|jobtasks\\.jsp'	990
'EASY-INSTALL(?:-ENTRY)?-SCRIPT|This file was generated by RubyGems'	944
'(?<=^<span\\sclass="..">@@\\s-)\\d+,\\d+|\\d+,\\d+(?=\\s@@</span>$)'	24
'test_|LookupTable|Types|SystemConfiguration|gannet|Socket|Timings|cs_'	139
'(\\$[\\$\\(\\)]|\\$[_a-zA-Z][\\.\\w]*|\\${[^}]*}|\\s+|[^\\s\\$]+|\\$)'	743
' ( " ( "" | [^"]+ )* " ) | ( [a-z_][a-z0-9_]* ) | [.] | (?P<err> .)  '	1520
'[-][-]((no[-]|)(wrap[-]functions|lower)|debug[-]capi|quiet)|[-]include'	356
'(writes in|writes:|wrote:|says:|said:|^In article|^Quoted from|^\\||^>)'	283
'[ \t\r\x0c\x0b]*\n[ \t\r\x0c\x0b\n]*|^[ \t\r\x0c\x0b]+|[ \t\r\x0c\x0b]+$'	313
'<p>(?:\\s|<br\\s*/?>)*\\x07/sf\\x07(?:\\s|<br\\s*/?>)*</p>|\\x07/sf\\x07'	682
'<MEMBER name="\\??([^"]+)" wn="([^"]*)"[^>]+>|<VNSUBCLASS ID="([^"]+)"/?>'	1248
'\\+?"[^"\\\\]*(?:\\\\.[^"\\\\]*)*"|\\[[^]\\\\]*(?:\\\\.[^]\\\\]*)*\\]|\\S+'	539
'(?:string:\\$\\{portal_url\\}/([^."]+.js)")|(?:\\<link href="([^."]*.css)")'	1377
'([-+]?((?:\\d+(?:\\.\\d*)?|\\d*\\.\\d+))[eE]((?:[-+]?\\d+)?)|(\\d+\\.\\d*))'	356
'^Result: (PASS|FAIL)$|Tests: \\d+ Failed: (\\d+)\\)|Files=\\d+, Tests=(\\d+)'	122
'(^#[0-9]+$|^#[0-9]+\\s|\\s#[0-9]+\\s|\\s#[0-9]+$|\\s#[0-9]+.|\\s#[0-9]+\\?$)'	275
'<p>(?:\\s|<br\\s*/?>)*\\x07(\\d+)\\x07(?:\\s|<br\\s*/?>)*</p>|\\x07(\\d+)\\x07'	682
'(((?P<name1>.+?)(\\s*,\\s*)((".*")|(left|right)|([0-9]{1,2}%)))|(?P<name2>.+))'	190
'^(All tests successful)|(\\d+)/(\\d+) subtests failed|Files=\\d+, Tests=(\\d+),'	122
'(?<=^<span class="..">)-\\+|(?<=^<span class="..">)-|(?<=^<span class="..">)\\+'	24
'(app\\/views|app\\/controllers|app\\/helpers|app\\/models|app\\/assets|test|spec)'	1025
u'("""[^"\\\\]*(?:(?:\\\\.|"(?!""))[^"\\\\]*)*""")|("[^"\\\\]*(?:\\\\.[^"\\\\]*)*")'	55
'(\xd0\xbb\xd1\x8e\xd0\xb1\xd0\xbe\xd0\xb9|\xd0\xbb\xd1\x8e\xd0\xb1\xd0\xbe\xd0\xbc)'	1122
'(\'[^\']*\'|"[^"]*"|//?|\\(\\)|==?|[/.*\\[\\]\\(\\)@])|([^/\\[\\]\\(\\)@=\\s]+)|\\s+'	1621
'Unlocking a non-locked lock|accessing an invalid lock|which did not acquire this lock'	1007
u'("(?:[^"\\\\]*(?:\\\\.[^"\\\\]*)*)"|\'(?:[^\'\\\\]*(?:\\\\.[^\'\\\\]*)*)\'|[^\\s=]+)'	1415
"\\`(Tr|IX)\\' not defined|No such file or directory|(can\\'t break|cannot adjust) line"	1226
'([A-N,R-Z][0-9][A-Z][A-Z,0-9][A-Z,0-9][0-9]|[O-Q][0-9][A-Z,0-9][A-Z,0-9][A-Z,0-9][0-9])'	681
'^No contacts detected on SIM to import$|^Imported one contact$|^Imported [0-9]+ contacts$'	1009
'^\\s*(?://\\s+-#-(?P<annotation1>.*)-#-\\s*)|(?:/\\*\\s+-#-(?P<annotation2>.*)-#-\\s*\\*/)'	1216
'(?<!\\w|\\<|/|:)/[^\\s/]([^/]*[^\\s/])?/(?!\\w|/|:)|(?<!\\w)_[^\\s_]([^_]*[^\\s_])?_(?!\\w)'	18
'/CVS/[^/]+$|/\\.(bzr|cvs|git|hg)ignore$|/\\.hgtags$|/\\.(bzr|git|hg|svn)/|/(\\.arch-ids|{arch})/'	1226
'\\s*@Test.*groups\\s*=\\s*("unstable|Array\\("unstable"\\))|@Category\\(UnstableTest\\.class\\).*'	1570
'pwd|pass|uid|uname|Uname|userid|userID|USER|USERNAME|PIN|pin|password|Password|secret|Secret|Pass'	1523
'%[^0-9A-Fa-f]{2}|%[^0-9A-Fa-f][0-9A-Fa-f]|%[0-9A-Fa-f][^0-9A-Fa-f]|%$|%[0-9A-Fa-f]$|%[^0-9A-Fa-f]$'	1247
'Resolution: (?<=\\dx)\\d{1,4}|(?<=\\d\\dx)\\d{1,4}|(?<=\\d\\d\\dx)\\d{1,4}|(?<=\\d\\d\\d\\dx)\\d{1,4}'	1054
'((,([\\s\\r\\n]*)(\\]))|(,([\\s\\r\\n]*)(\\})))|("(?:\\\\.|[^"\\\\])*"|\'(?:\\\\.|[^\'\\\\])*\'|.[^,"\']*)'	1025
'(?:(?P<format>[AIJ])(?P<width>[0-9]+)?)|(?:(?P<formatf>[FED])(?:(?P<widthf>[0-9]+)\\.(?P<precision>[0-9]+))?)'	689
'((?P<url>\\w{3,6}://\\S+)|(?P<email>[-+=%/\\w\\.]+@[\\w\\.\\-]+)|(?P<item>(?P<class>[A-Za-z_]+)(\\s*)(?P<id>\\d+)))'	43
'((<property\\s+name="(?P<name>[^>]+)">(?P<text>.+?)</property>)|(?P<display><display\\s+call="(?P<command>[^"]+)">))'	43
"(cimport +([0-9a-zA-Z_.]+)\\b)|(from +([0-9a-zA-Z_.]+) +cimport)|(include +'([^']+)')|(cdef +extern +from +'([^']+)')"	1621
'^[a-z0-9]$|^minus$|^equal$|^bracketleft$|^bracketright$|^semicolon$|^backslash$|^apostrophe$|^comma$|^period$|^slash$|^grave$'	965
'http://rapidshare.com/files/\\d+/.*\\.(?:rar|zip|avi|wmv|part\\d+\\.rar|\\d+)|http://megaupload.com/?d=........|http://megaporn.com/?d=........'	1173
'(?xms)\n(?:\\${(\\d+):(.*?)})|   # A simple tabstop with default value\n(?:\\$(\\d+))           # A mirror or a tabstop without default value.\n'	597
'(?x)\n        \\[\\s*\\]\n    |   \\(\\s*\\)\n    |   \\+\\+ | --\n    |   ->\\*? | \\,\n    |   (<<|>>)=? | && | \\|\\|\n    |   [!<>=/*%+|&^~-]=?\n'	1087
'ancestor|ancestor-or-self|attribute|child|descendant|descendant-or-self|following|following-sibling|namespace|parent|preceding|preceding-sibling|self'	1076
'([a-zA-Z]+[.]? \\d+\\, \\d\\d\\d\\d at \\d+(\\:\\d+)? [ap]\\.m\\. [A-Z]{1,5})|( \\((\\d+ hour(s)?(, )?)?(\\d+ minute(s)?(, )?)?(\\d+ second(s)?(, )?)?\\))'	1529
'(?x)\n        \\[\\s*\\]\n    |   \\(\\s*\\)\n    |   [!<>=/*%+|&^-]=?\n    |   \\+\\+ | --\n    |   (<<|>>)=? | ~ | && | \\| | \\|\\|\n    |   ->\\*? | \\,\n'	251
'(\xd0\xb3\xd1\x80\xd0\xb0\xd0\xb6\xd0\xb4\xd0\xb0\xd0\xbd\xd1\x81\xd0\xba\xd0\xb8\xd0\xb9|\xd0\xb3\xd1\x80\xd0\xb0\xd0\xb6\xd0\xb4\xd0\xb0\xd0\xbd\xd1\x81\xd0\xba\\.)'	1122
'(\xd0\xbd\xd0\xbe\xd0\xb2\xd0\xbe\xd0\xb3\xd0\xb8\xd1\x80\xd0\xb5\xd0\xb2\xd0\xbe|\xd0\xbd\xd0\xbe\xd0\xb2\xd0\xbe\xd0\xb3\xd0\xb8\xd1\x80\xd0\xb5\xd0\xb5\xd0\xb2\xd0\xbe)'	1122
'(\xd0\xbf\xd0\xbb\xd0\xbe\xd1\x89\xd0\xb0\xd0\xb4\xd1\x8c \xd0\xbb\xd0\xb5\xd0\xbd\xd0\xb8\xd0\xbd\xd0\xb0|\xd0\xbf\\.?\\s?\xd0\xbb\xd0\xb5\xd0\xbd\xd0\xb8\xd0\xbd\xd0\xb0)'	1122
'\n    (?:\'[^\'\\n\\r]*\')+|\n    <=|>=|!=|=|<|>|\n    :\\w+|\n    ,|\n    \\*|\n    -?\\d+(?:\\.\\d+)?|\n    \\w+(?:\\.\\w+)*|\n    (?:"[^"\\s]+")+|\n    \\(|\\)|\n    \\S+\n    '	1495
'(\xd1\x8d\xd0\xbb\xd0\xb5\xd0\xba\xd1\x82\xd1\x80\xd0\xbe\xd1\x81\xd0\xb8\xd0\xbb\xd0\xb0|\xd1\x8d\xd0\xbb\xd0\xb5\xd0\xba\xd1\x82\xd1\x80\xd0\xbe-\xd1\x81\xd0\xb8\xd0\xbb\xd0\xb0)'	1122
'(\xd1\x87\xd0\xb5\xd1\x80\xd0\xbd\xd0\xb0\xd1\x8f \xd1\x80\xd0\xb5\xd1\x87\xd0\xba\xd0\xb0|\xd1\x87\xd1\x91\xd1\x80\xd0\xbd\xd0\xb0\xd1\x8f \xd1\x80\xd0\xb5\xd1\x87\xd0\xba\xd0\xb0)'	1122
'(?x)\n        \\\\.           |  # Backslashed character\n        \\(\\?P<[^>]*>  |  # Named group\n        \\(\\?          |  # Extension group\n        \\(               # Grouping parenthesis'	1248
'(\xd0\xbf\xd0\xbb\xd0\xbe\xd1\x89\xd0\xb0\xd0\xb4\xd1\x8c \xd0\xbc\xd1\x83\xd0\xb6\xd0\xb5\xd1\x81\xd1\x82\xd0\xb2\xd0\xb0|\xd0\xbf\\.?\\s?\xd0\xbc\xd1\x83\xd0\xb6\xd0\xb5\xd1\x81\xd1\x82\xd0\xb2\xd0\xb0)'	1122
'p|div|h[1-6]|blockquote|pre|table|dl|ol|ul|script|noscript|form|fieldset|iframe|math|ins|del|hr|hr/|style|li|dt|dd|thead|tbody|tr|th|td|section|footer|header|group|figure|figcaption|aside|article|canvas|output|progress|video'	236
'(\xd0\xb1\xd1\x83\xd0\xbd\xd0\xbd\xd0\xb8\xd0\xbd\xd1\x81\xd0\xba\xd0\xb0\xd1\x8f \xd0\xb0\xd0\xbb\xd0\xbb\xd0\xb5\xd1\x8f|\xd0\xb1\xd1\x83\xd0\xbd\xd0\xb8\xd0\xbd\xd1\x81\xd0\xba\xd0\xb0\xd1\x8f \xd0\xb0\xd0\xbb\xd0\xbb\xd0\xb5\xd1\x8f)'	1122
'(\xd0\xb7\xd0\xb2\xd0\xb5\xd0\xb7\xd0\xb4\xd0\xbd\xd0\xb0\xd1\x8f|\xd0\xb7\xd0\xb2\xd0\xb5\xd0\xb7\xd0\xb4\xd0\xbd\xd0\xbe\xd0\xb9|\xd0\xb7\xd0\xb2\xd1\x91\xd0\xb7\xd0\xb4\xd0\xbd\xd0\xb0\xd1\x8f|\xd0\xb7\xd0\xb2\xd1\x91\xd0\xb7\xd0\xb4\xd0\xbd\xd0\xbe\xd0\xb9)'	1122
'(\xd0\xbf\xd0\xbb\xd0\xbe\xd1\x89\xd0\xb0\xd0\xb4\xd1\x8c \xd0\xb2\xd0\xbe\xd1\x81\xd1\x81\xd1\x82\xd0\xb0\xd0\xbd\xd0\xb8\xd1\x8f|\xd0\xbf\\.?\\s?\xd0\xb2\xd0\xbe\xd1\x81\xd1\x81\xd1\x82\xd0\xb0\xd0\xbd\xd0\xb8\xd1\x8f|\xd0\xbf\xd0\xbb\\.?\\s?\xd0\xb2\xd0\xbe\xd1\x81\xd1\x81\xd1\x82\xd0\xb0\xd0\xbd\xd0\xb8\xd1\x8f)'	1122
'[^#]*\\s+\\bdo\\b(\\s*|(\\s+\\|.+\\|\\s*))|\\s*(\\bif\\b\\s+.*|\\belsif\\b.*|\\belse\\b.*|\\bdo\\b(\\s*|\\s+.*)|\\bcase\\b\\s+.*|\\bwhen\\b\\s+.*|\\bwhile\\b\\s+.*|\\bfor\\b\\s+.*|\\buntil\\b\\s+.*|\\bloop\\b\\s+.*|\\bdef\\b\\s+.*|\\bclass\\b\\s+.*|\\bmodule\\b\\s+.*|\\bbegin\\b.*|\\bunless\\b\\s+.*|\\brescue\\b.*|\\bensure\\b.*)+'	407
'(\xd1\x82\xd0\xb5\xd1\x85\xd0\xbd\xd0\xbe\xd0\xbb\xd0\xbe\xd0\xb3\xd0\xb8\xd1\x87\xd0\xb5\xd1\x81\xd0\xba\xd0\xb8\xd0\xb9|\xd1\x82\xd0\xb5\xd1\x85\\.?\\s?\xd0\xb8\xd0\xbd\xd1\x81\xd1\x82\xd0\xb8\xd1\x82\xd1\x83\xd1\x82|\xd1\x82\xd0\xb5\xd1\x85\xd0\xbd\\.?\\s?\xd0\xb8\xd0\xbd\xd1\x82\xd1\x81\xd1\x82\xd0\xb8\xd1\x82\xd1\x83\xd1\x82|\xd1\x82\xd0\xb5\xd1\x85\xd0\xbd\xd0\xbe\xd0\xbb\xd0\xbe\xd0\xb6\xd0\xba\xd0\xb0)'	1122
'^(?P<exception>sqlite)://:memory:$|\n                     ^(?P<driver>\\w+?)://  # driver\n                     (?:(?:(?P<user>\\w+?)(?::(?P<password>\\w+?))?@)?  # user and password pattern\n                     (?:(?P<host>[\\w\\.]+?)(?::(?P<port>\\d+))?/|(?P<unix_socket>/(?:\\.?\\w+?(?:[\\.\\-]\\w+)*/)*?\\.?\\w+(?:[\\.\\-]\\w+)*):)  # host patterns\n                     (?P<dbname>\\w+)|(?P<path>/(?:\\.?\\w+?(?:[\\.\\-]\\w+)*/)*?\\.?\\w+(?:[\\.\\-]\\w+)*))$ # database patterns'	648
'(\xd1\x81\xd0\xbd\xd0\xb8\xd0\xbc\xd1\x83|\xd1\x81\xd0\xbd\xd0\xb8\xd0\xbc\xd0\xb5\xd0\xbc|\xd1\x81\xd0\xbd\xd0\xb8\xd0\xbc\xd0\xb5\xd1\x82|\xd0\xb0\xd1\x80\xd0\xb5\xd0\xbd\xd0\xb4\xd1\x83\xd0\xb5\xd0\xbc|\xd0\xb8\xd1\x89\xd0\xb5\xd0\xbc|\xd0\xb8\xd1\x89\xd1\x83 \\d-?\xd0\xba|\xd0\xb8\xd1\x89\xd1\x83 \xd0\xbe\xd0\xb4\xd0\xbd\xd0\xbe\xd0\xba|\xd0\xb8\xd1\x89\xd1\x83 \xd0\xba\xd0\xb2\xd0\xb0\xd1\x80\xd1\x82\xd0\xb8\xd1\x80\xd1\x83|\xd0\xb8\xd1\x89\xd1\x83 \xd1\x82\xd1\x80\xd0\xb5\xd1\x85\xd0\xba)'	1122
"((?<=\\()[A-Za-z][A-Za-z0-9\\+\\.\\-]*:([A-Za-z0-9\\.\\-_~:/\\?#\\[\\]@!\\$&'\\(\\)\\*\\+,;=]|%[A-Fa-f0-9]{2})+(?=\\)))|([A-Za-z][A-Za-z0-9\\+\\.\\-]*:([A-Za-z0-9\\.\\-_~:/\\?#\\[\\]@!\\$&'\\(\\)\\*\\+,;=]|%[A-Fa-f0-9]{2})+)|\\bmailto:\\S*[^\\s\\W]|\\b\\S+@\\S+\\.\\S*[^\\s\\W]|((?<=\\()(www|ftp)\\.([A-Za-z0-9\\.\\-_~:/\\?#\\[\\]@!\\$&'\\(\\)\\*\\+,;=]|%[A-Fa-f0-9]{2})+(?=\\)))|((www|ftp)\\.([A-Za-z0-9\\.\\-_~:/\\?#\\[\\]@!\\$&'\\(\\)\\*\\+,;=]|%[A-Fa-f0-9]{2})+\\.([A-Za-z0-9\\.\\-_~:/\\?#\\[\\]@!\\$&'\\(\\)\\*\\+,;=]|%[A-Fa-f0-9]{2})+)"	18
'\n        # Include these so we can skip them:\n        (?P<COMMENT>        <!--.*?-->                          )|\n        (?P<CDATA>          <![CDATA[.*?]]>                     )|\n        (?P<PI>             <\\?.*?\\?>                           )|\n        (?P<DOCTYPE>        <!DOCTYPE\\s+[^\\[]*(\\[[^\\]]*])?\\s*>  )|\n        # These are the ones we actually care about:\n        (?P<EMPTY_ELT_TAG>  <\\s*[^>/\\?!\\s][^>]*/\\s*>            )|\n        (?P<START_TAG>      <\\s*[^>/\\?!\\s][^>]*>                )|\n        (?P<END_TAG>        <\\s*/[^>/\\?!\\s][^>]*>               )'	1248
'(\xd1\x85\xd0\xbe\xd0\xb7\xd1\x8f\xd0\xb8\xd0\xbd\xd0\xb0|\xd1\x85\xd0\xbe\xd0\xb7\xd1\x8f\xd0\xb8\xd0\xbd|\xd0\xb1\xd0\xb5\xd0\xb7 \xd0\xba\xd0\xbe\xd0\xbc\xd0\xb8\xd1\x81\xd1\x81\xd0\xb8\xd0\xb8|\xd0\xb1\xd0\xb5\xd0\xb7 \xd0\xb0\xd0\xb3\xd0\xb5\xd0\xbd\xd1\x81\xd1\x82\xd0\xb2\xd0\xb0|\xd0\xb0\xd0\xb3\xd0\xb5\xd0\xbd\xd1\x81\xd1\x82\xd0\xb2\xd0\xb0 \xd0\xbd\xd0\xb5|\xd1\x87\xd0\xb0\xd1\x81\xd1\x82\xd0\xbd\xd0\xbe\xd0\xb5|\xd0\xb0\xd0\xb3\xd0\xb5\xd0\xbd\xd1\x82\xd0\xb0\xd0\xbc \xd0\xbd\xd0\xb5|\xd0\xb1\xd0\xb5\xd0\xb7 \xd0\xbf\xd0\xbe\xd1\x81\xd1\x80\xd0\xb5\xd0\xb4\xd0\xbd\xd0\xb8\xd0\xba\xd0\xbe\xd0\xb2|\xd0\xbd\xd0\xb5 \xd0\xb0\xd0\xb3\xd0\xb5\xd0\xbd\xd1\x81\xd1\x82\xd0\xb2\xd0\xbe)'	1122
'(sobid|\xd0\xb0\xd0\xb3\xd0\xb5\xd0\xbd\xd1\x82\xd1\x81\xd0\xba\xd0\xb8\xd0\xb9|\xd0\xb0\xd0\xb3\xd0\xb5\xd0\xbd\xd1\x82\xd1\x81\xd0\xba\xd0\xb8\xd0\xb5|\xd1\x81\xd0\xba\xd0\xb8\xd0\xb4\xd0\xba\xd0\xb8|\xd0\xb0\xd0\xb3\xd0\xb5\xd0\xbd\xd1\x81\xd1\x82\xd0\xb2\xd0\xbe|\xd1\x80\xd0\xb8\xd1\x8d\xd0\xbb\xd1\x82\xd0\xbe\xd1\x80\xd1\x81\xd0\xba\xd0\xb8\xd0\xb5|\xd0\xb2\xd0\xbe\xd0\xb7\xd0\xbd\xd0\xb0\xd0\xb3\xd1\x80\xd0\xb0\xd0\xb6\xd0\xb4|\xd0\xb0\xd0\xb3\xd0\xb5\xd0\xbd\xd1\x82\xd1\x81\xd1\x82\xd0\xb2\xd0\xbe|\xd0\xba\xd0\xbe\xd0\xbc\xd0\xb8\xd1\x81\xd1\x81\xd0\xb8\xd1\x8f|\xd0\xba\xd0\xbe\xd0\xbc\xd0\xbc\xd0\xb8\xd1\x81\xd1\x81\xd0\xb8\xd1\x8f|\xd0\xba\xd0\xbe\xd0\xbc\xd0\xb8\xd1\x81\xd1\x81\xd0\xb8\xd0\xbe\xd0\xbd|\xd0\xba\xd0\xbe\xd0\xbc\xd0\xbc\xd0\xb8\xd1\x81\xd0\xb8\xd1\x8f|\xd0\xba\xd0\xbe\xd0\xbc\xd0\xbc\xd0\xb8\xd1\x81\xd0\xb8\xd1\x8f|\xd1\x81\xd0\xba\xd0\xb8\xd0\xb4\xd0\xba\xd0\xb0 \xd0\xbf\xd0\xbe \xd0\xba\xd0\xbe\xd0\xbc\xd0\xb8\xd1\x81|\xd1\x81\xd0\xba\xd0\xb8\xd0\xb4\xd0\xba\xd0\xb8 \xd0\xbf\xd0\xbe \xd0\xba\xd0\xbe\xd0\xbc\xd0\xb8\xd1\x81|\xd0\xba\xd0\xbe\xd0\xbc\xd0\xb8\xd1\x81\xd1\x81\xd0\xb8\xd1\x8e|\xd0\xba\xd0\xbe\xd0\xbc\xd0\xb8\xd1\x81\xd1\x81\xd0\xb8\xd1\x8f \xd0\xb0\xd0\xb3\xd0\xb5\xd0\xbd\xd1\x81\xd1\x82\xd0\xb2\xd0\xb0)'	1122
